-- phpMyAdmin SQL Dump
-- version 4.9.2
-- https://www.phpmyadmin.net/
--
-- Host: 127.0.0.1:3306
-- Generation Time: Sep 23, 2020 at 03:16 PM
-- Server version: 10.4.10-MariaDB
-- PHP Version: 7.3.12

SET SQL_MODE = "NO_AUTO_VALUE_ON_ZERO";
SET AUTOCOMMIT = 0;
START TRANSACTION;
SET time_zone = "+00:00";


/*!40101 SET @OLD_CHARACTER_SET_CLIENT=@@CHARACTER_SET_CLIENT */;
/*!40101 SET @OLD_CHARACTER_SET_RESULTS=@@CHARACTER_SET_RESULTS */;
/*!40101 SET @OLD_COLLATION_CONNECTION=@@COLLATION_CONNECTION */;
/*!40101 SET NAMES utf8mb4 */;

--
-- Database: `biochem`
--

-- --------------------------------------------------------

--
-- Table structure for table `heatmap`
--

DROP TABLE IF EXISTS `heatmap`;
CREATE TABLE IF NOT EXISTS `heatmap` (
  `colorID` int(11) NOT NULL AUTO_INCREMENT,
  `color` text NOT NULL,
  `min` int(11) NOT NULL,
  `max` int(11) NOT NULL,
  PRIMARY KEY (`colorID`)
) ENGINE=MyISAM AUTO_INCREMENT=11 DEFAULT CHARSET=utf8;

--
-- Dumping data for table `heatmap`
--

INSERT INTO `heatmap` (`colorID`, `color`, `min`, `max`) VALUES
(1, 'ff0000', 30, 100),
(2, 'ff4a00', 20, 29),
(3, 'ff9500', 16, 19),
(4, 'ffc700', 13, 15),
(5, 'fff400', 10, 12),
(6, 'baff00', 7, 9),
(7, '60ff00', 5, 6),
(8, '00c716', 3, 4),
(9, '00bfbb', 2, 2),
(10, '1c648a', 1, 1);

-- --------------------------------------------------------

--
-- Table structure for table `history`
--

DROP TABLE IF EXISTS `history`;
CREATE TABLE IF NOT EXISTS `history` (
  `hID` int(11) NOT NULL AUTO_INCREMENT,
  `actionType` varchar(1) NOT NULL COMMENT 'A - add , E - edit, D - delete',
  `entityType` varchar(1) NOT NULL COMMENT 'A - answer toggle, P - phrase, T - tag, U - user, Q - question',
  `userID` int(11) NOT NULL,
  `content` text NOT NULL,
  `qid` int(11) DEFAULT NULL,
  `pid` int(11) DEFAULT NULL,
  `time` timestamp NOT NULL DEFAULT current_timestamp(),
  PRIMARY KEY (`hID`),
  KEY `qid` (`qid`,`pid`),
  KEY `pid` (`pid`),
  KEY `userID` (`userID`)
) ENGINE=InnoDB AUTO_INCREMENT=34 DEFAULT CHARSET=utf8;

--
-- Dumping data for table `history`
--

INSERT INTO `history` (`hID`, `actionType`, `entityType`, `userID`, `content`, `qid`, `pid`, `time`) VALUES
(1, 'E', 'Q', 2, 'אוקסלוא!צטט', 1, 1, '2020-09-16 10:52:23'),
(2, 'E', 'Q', 2, 'אוקסלואצטט', 1, 1, '2020-09-16 10:52:31'),
(6, 'A', 'A', 2, 'כל התשובות נכונות', 1, 6, '2020-09-16 11:59:52'),
(7, 'D', 'A', 2, 'כל התשובות נכונות', 1, 6, '2020-09-16 11:59:55'),
(8, 'A', 'A', 2, 'כל התשובות נכונות', 1, 6, '2020-09-16 11:59:55'),
(9, 'D', 'A', 2, 'כל התשובות נכונות', 1, 6, '2020-09-16 11:59:58'),
(10, 'A', 'A', 2, 'כל התשובות נכונות', 1, 6, '2020-09-16 11:59:59'),
(11, 'A', 'T', 2, 'שלום', 1, NULL, '2020-09-16 12:00:26'),
(12, 'D', 'A', 2, 'כל התשובות נכונות', 1, 6, '2020-09-16 12:00:59'),
(13, 'A', 'A', 2, 'כל התשובות נכונות', 1, 6, '2020-09-16 12:01:01'),
(14, 'A', 'A', 2, 'א+ג', 1, 5, '2020-09-16 12:01:04'),
(15, 'D', 'A', 2, 'א+ג', 1, 5, '2020-09-16 12:01:04'),
(16, 'D', 'T', 2, 'שלום', 1, NULL, '2020-09-16 12:06:24'),
(17, 'E', 'P', 2, 'נוצר ע\"י פעילות של פירווט קרבוקסילז על !פירווט', 1, 3, '2020-09-16 12:06:39'),
(18, 'E', 'P', 2, 'נוצר ע\"י פעילות של פירווט קרבוקסילז על פירווט', 1, 3, '2020-09-16 12:06:48'),
(21, 'A', 'T', 0, 'קקי', 1, NULL, '2020-09-16 12:12:02'),
(22, 'D', 'T', 2, 'קקי', 1, NULL, '2020-09-16 12:13:21'),
(23, 'D', 'T', 2, 'שברב', 1, NULL, '2020-09-16 12:13:21'),
(24, 'D', 'T', 2, 'שמן', 1, NULL, '2020-09-16 12:13:21'),
(25, 'A', 'T', 0, 'שמן', 1, NULL, '2020-09-16 12:16:45'),
(26, 'D', 'T', 0, 'שמן', 1, NULL, '2020-09-16 12:17:28'),
(27, 'A', 'T', 0, 'קקי', 1, NULL, '2020-09-16 12:21:37'),
(28, 'D', 'T', 2, 'קקי', 1, NULL, '2020-09-16 12:22:30'),
(29, 'E', 'P', 2, 'נוצר ע\"י פעילות של פירווט קרבוקסילז על פירווט', 1, 3, '2020-09-16 14:00:44'),
(30, 'E', 'P', 2, 'נוצר ע\"י פעילות של פירווט קרבוקסילז על פירווט', 1, 3, '2020-09-16 15:25:24'),
(31, 'E', 'P', 2, 'נוצר ע\"י פעילות של פירווט קרבוקסילז על פירווט', 1, 3, '2020-09-16 15:29:19'),
(32, 'D', 'A', 2, 'כל התשובות נכונות', 1, 6, '2020-09-16 18:49:18'),
(33, 'A', 'A', 2, 'כל התשובות נכונות', 1, 6, '2020-09-16 18:49:19');

-- --------------------------------------------------------

--
-- Table structure for table `phrases`
--

DROP TABLE IF EXISTS `phrases`;
CREATE TABLE IF NOT EXISTS `phrases` (
  `pID` int(11) NOT NULL AUTO_INCREMENT,
  `phraseName` text NOT NULL,
  `answerOf` int(11) DEFAULT NULL,
  `isQuestion` int(11) NOT NULL DEFAULT 0,
  `isRight` int(11) DEFAULT 0,
  `comment` text NOT NULL,
  PRIMARY KEY (`pID`),
  KEY `answerOf` (`answerOf`)
) ENGINE=InnoDB AUTO_INCREMENT=783 DEFAULT CHARSET=utf8;

--
-- Dumping data for table `phrases`
--

INSERT INTO `phrases` (`pID`, `phraseName`, `answerOf`, `isQuestion`, `isRight`, `comment`) VALUES
(1, 'אוקסלואצטט', 1, 1, NULL, ''),
(2, 'נוצר ע\"י פעילות מאלאט דהידרוגינז על מאלאט', 1, 0, 0, ''),
(3, 'נוצר ע\"י פעילות של פירווט קרבוקסילז על פירווט', 1, 0, 0, ''),
(4, 'יכול להפוך למאלאט בנוכחות NADH', 1, 0, 0, ''),
(5, 'א+ג', 1, 0, 0, ''),
(6, 'כל התשובות נכונות', 1, 0, 1, ''),
(24, 'לאחר שמולקולה אחת של גלוקוז הפכה ל CO2 - במעגל קרבס מה יהיה שינוי נטו במספר המולקולות של אוקסלו אצטט?', 24, 1, NULL, ''),
(25, 'לא יהיה שינוי', 24, 0, 1, ''),
(26, 'ירידה במולקולה אחת', 24, 0, 0, ''),
(27, 'עליה במולקולה אחת', 24, 0, 0, ''),
(28, 'ירידה בשתי מולקולות', 24, 0, 0, ''),
(29, 'עליה בשתי מולקולות', 24, 0, 0, ''),
(30, 'עליה במולקולה מלאט אחת', 24, 0, 0, ''),
(31, 'בני אדם אינם מסוגלים לסנתז גלוקוז מחומצות שומניות מכיוון שהם אינם מסוגלים לבצע את התהליך', 31, 1, NULL, ''),
(32, 'אוקסלואצטט + אצטיל CoA ← ציטרט', 31, 0, 0, ''),
(33, 'אלפא קטוגלוטרט ← חומצות אמינו', 31, 0, 0, ''),
(34, 'אצטיל CoA ← אוקסלואצטט', 31, 0, 1, ''),
(35, 'אוקסלואצטט ← פירווט', 31, 0, 0, ''),
(36, 'פירווט ← PEP', 31, 0, 0, ''),
(37, 'מגלוקוז אחד עד אצטיל CoA מתקבלות:', 37, 1, NULL, ''),
(38, 'סה\"כ 14 מולקולות ATP', 37, 0, 0, 'נכון בחיידקים'),
(39, 'סה\"כ 38 מולקולות ATP', 37, 0, 0, ''),
(40, 'סה\"כ 12 מולקולות ATP', 37, 0, 1, 'הסבר: עד תגובה 10 מתקבלות 7 מולקולות נטו, וב-pdh קומפלקס עוד 5'),
(41, 'במצב אנרגטי ירוד אצטיל CoA ילך ל-', 41, 1, NULL, ''),
(42, 'מעגל גלוקוז אלנין', 41, 0, 0, ''),
(43, 'פירוק שומנים', 41, 0, 0, ''),
(44, 'בניית גופי קטו', 41, 0, 1, 'המוח אינו יכול לנצל חומצות שומן ליצירת אנרגיה כאשר רמת גלוקוז בדם פוחתת, גופי קטו מספקים למוח מקור אנרגיה חלופי, המהווה בתקופות רעב או צום כ-2/3 מהדרישות האנרגטיות של המוח.'),
(45, 'מעגל קרבס', 41, 0, 0, ''),
(46, 'בעת הצטברות של אצטיל CoA', 46, 1, NULL, ''),
(47, 'האנזים פירווט קרבוקסילאז יחל לפעול', 46, 0, 0, ''),
(48, 'משפיע על השלב הלא חימצוני של מעגל פנטוזות', 46, 0, 0, ''),
(49, 'תגובה מספר 2 של PDH תעוכב', 46, 0, 0, ''),
(50, 'א+ג', 46, 0, 1, ''),
(51, 'אצטיל CoA מתקבל מ-', 51, 1, NULL, ''),
(52, 'שומנים, וגם הופכת להם.', 51, 0, 1, ''),
(53, 'גופי קטו, אך לא הופכת להם', 51, 0, 0, ''),
(54, 'סוכרים ושומנים והופכת להם.', 51, 0, 0, 'PDH אינו הפיך'),
(55, 'ויטמין B6', 51, 0, 0, ''),
(56, 'רוב האנרגיה נאגרת בגוף כ:', 56, 1, NULL, ''),
(57, 'טריגליצרידים ברקמות שומן', 56, 0, 1, ''),
(58, 'גליקוגן בכבד', 56, 0, 0, ''),
(59, 'גליקוגן בשריר', 56, 0, 0, ''),
(60, 'כמה ATP נוצר ממולקולת פירווט בודדת?', 60, 1, NULL, ''),
(61, '15 או 12.5', 60, 0, 1, ''),
(62, 'כמה ATP נוצר מחמצון גלוקוז [אחד] בכבד / לב מתחילתו ועד תומו?', 62, 1, NULL, ''),
(63, '38', 62, 0, 0, ''),
(64, '36', 62, 0, 0, ''),
(65, '32', 62, 0, 1, ''),
(66, 'מולקולת NADPH', 66, 1, NULL, ''),
(67, 'בזכות היותה נשאית אלקטרונים, המולקולה מהווה כח \"מחזר\"', 66, 0, 0, ''),
(68, 'זהה למולקולת NADH, אך בעלת קבוצת פוספאט על ריבוז', 66, 0, 0, ''),
(69, 'א+ב', 66, 0, 1, ''),
(70, 'אילו מהאנזימים הבאים יכול לעבוד גם עם NADP וגם עם NAD+ כקופקטורים?', 70, 1, NULL, ''),
(71, 'טראנסקטולאז', 70, 0, 0, 'פנטוזות לא חמצוני'),
(72, 'G-6-PDH', 70, 0, 0, ''),
(73, 'גלוטמאט דהידרוגינאז', 70, 0, 1, 'מעגל אוריאה'),
(74, 'גליצראלדהיד 3-פוספט', 70, 0, 0, ''),
(75, 'NADH שנוצר במהלך הגליקוליזה ממוחזר ל NAD+ הן בתנאים אירוביים והן בתנאים אנאירוביים:', 75, 1, NULL, ''),
(76, 'כדי לייצר לקטאט בנוכחות חמצן', 75, 0, 0, ''),
(77, 'כי כמות ה NAD+ בתא היא מוגבלת, וחוסר יעצור את הגליקוליזה', 75, 0, 1, ''),
(78, 'כי הוא אינו משמש לייצור אנרגיה וסתם חבל שהוא יצטבר בתאים', 75, 0, 0, ''),
(79, 'כדי לאפשר את הוצאת הפירווט מהתאים בנוכחות חמצן', 75, 0, 0, ''),
(80, 'כאשר NAD+ מתחזר', 80, 1, NULL, ''),
(81, 'מקבל פרוטון אחד ואלקטרון אחד', 80, 0, 0, ''),
(82, 'מקבל שני פרוטונים ושני אלקטרונים', 80, 0, 0, ''),
(83, 'מקבל פרוטון אחד ושני אלקטרונים', 80, 0, 1, ''),
(84, 'מקבל אלקטרון אחד ושני פרוטונים', 80, 0, 0, ''),
(85, 'FAD שמתחזר ל- DADH קולט:', 85, 1, NULL, ''),
(86, '2 אלקטרונים ו-2 פרוטונים', 85, 0, 1, ''),
(87, 'לפני עירוי בודקים RH כי יכול להיות צימות (אגלוטנציה) כאשר:\n', 87, 1, NULL, ''),
(88, 'לא ניתן לקבוע', 87, 0, 0, ''),
(89, 'תורם RH+ מקבל RH-', 87, 0, 0, ''),
(90, 'תורם RH- מקבל RH+', 87, 0, 0, ''),
(91, 'תורם RH+ מקבל RH-, וכבר קיבל + בעבר', 87, 0, 1, ''),
(92, 'תורם RH- מקבל RH+, כבר קיבל - בעבר', 87, 0, 0, ''),
(93, 'מה נכון?', 93, 1, NULL, ''),
(94, 'אנטיגן אחד יכול לכלול אפיטופים רבים. לא לכל הנוגדן יש שרשרת G', 93, 0, 1, '= ג\'וינט, שרשרת שמחברת יחידות. נמצא ב IgM , IgG - אלה שבנויים מכמה יחידות'),
(95, 'איזה מהמשפטים הבאים אינו נכון?', 95, 1, NULL, ''),
(96, 'נוגדן המתקשר לאנטיגן מסוג אחד לא יתקשר לאנטיגן מסוג אחר', 95, 0, 0, ''),
(97, 'התגובה הדלקתית לזיהום היא מסוג התגובות הלא ספציפיות של המערכת החיסונית', 95, 0, 0, ''),
(98, 'כל הנוגדנים הם חלבונים', 95, 0, 0, ''),
(99, 'אנטיגן יכול להיות רק חומר זר שהגוף פגש בו אי פעם לפני כן', 95, 0, 1, ''),
(100, 'כל אחד מהמונומרים של האימונוגלובולינים כולל:', 100, 1, NULL, ''),
(101, 'מתחם דומיין קבוע', 100, 0, 0, ''),
(102, '2 שרשראות כבדות', 100, 0, 0, ''),
(103, '2 שרשראות קלות', 100, 0, 0, ''),
(104, 'מתחם (דומיין) משתנה', 100, 0, 0, ''),
(105, 'כל התשובות נכונות', 100, 0, 1, ''),
(106, 'מהו מהשפט הנכון?', 106, 1, NULL, ''),
(107, 'אנטיגן אחד יכול לכלול אפיטופים רבים', 106, 0, 1, ''),
(108, 'מקטע ה FAB הוא חלק מהנוגדן הכולל רק אתר קישור אחד לדטרמיננטה', 106, 0, 1, ''),
(109, 'כל נוגדן מורכב משרשראות J,L,H (קלה, כבדה, J)', 106, 0, 0, ''),
(110, 'איזה נוגדן הכי נפוץ בהפרשות חיצונית?', 110, 1, NULL, ''),
(111, 'IgA', 110, 0, 1, ''),
(112, 'נוגדן ראשון שנוצר בתגובה חיסונית:', 112, 1, NULL, ''),
(113, 'IgA', 112, 0, 0, ''),
(114, 'IgM', 112, 0, 1, ''),
(115, 'IgG', 112, 0, 0, ''),
(116, 'איזה נוגדן עובר שילייה לעובר?', 116, 1, NULL, ''),
(117, 'IgG', 116, 0, 1, ''),
(118, 'IgA', 116, 0, 0, ''),
(119, 'IgM', 116, 0, 0, ''),
(120, 'מולקולת נוגדן אחד עם יותר מזוג אתרי קישור סביר להניח כי:', 120, 1, NULL, ''),
(121, 'מורכבת מכמה יחידות של 4 שרשראות פוליפפטידיות', 120, 0, 1, ''),
(122, 'אינה נוגדן הומורלי', 120, 0, 0, ''),
(123, 'אינה שייכת למערכת החיסונית\r\n', 120, 0, 0, ''),
(124, 'פגיעה בתאי B תגרום לפגיעה ב:', 124, 1, NULL, ''),
(125, 'ייצור נוגדנים', 124, 0, 1, ''),
(126, 'מח העצם', 124, 0, 0, ''),
(127, 'התקשרות נוגדנים לאנטיגן', 124, 0, 0, ''),
(128, 'תגובה חיסונית תאית', 124, 0, 0, ''),
(129, 'הרס תאים שיזדהמו בנגיפים', 124, 0, 0, ''),
(130, 'מאקרופאג\'ים מזהים את המטרה שלהם על ידי:', 130, 1, NULL, ''),
(131, 'מקטע ה Fc של הנוגדן', 130, 0, 1, ''),
(132, 'כל התשובות נכונות', 130, 0, 0, ''),
(133, 'האפיטופ שעל פי האנטיגן', 130, 0, 0, ''),
(134, 'האתרים קושרי האנטיגן בנוגדן', 130, 0, 0, ''),
(135, 'אזור ה CDR ', 130, 0, 0, ''),
(136, 'מהי חשיבותו של אנזים E2 ב- PDC ?', 136, 1, NULL, ''),
(137, 'הפקת CO2', 136, 0, 0, ''),
(138, 'יצירת אצטיל CoA', 136, 0, 1, ''),
(139, 'חמצון של החומצה הליפואידית.', 136, 0, 0, 'E3 אחראי על חמצון החומצה הליפואידית'),
(141, 'כיצד מבוצעת הבקרה על PDC ?', 141, 1, NULL, ''),
(142, 'הפעלה ע\"י פוספורילציה', 141, 0, 0, 'זרחון מעכב'),
(143, 'הפעלה ע\"י AMP', 141, 0, 0, 'AMP משפעל pyruvate dehydrogenase phosphatase שמסיר את הפוספט מעל E1, pyruvate dehydrogenase kinase (PDK) שם את הפוספט על E1 – ומשתק את AMP'),
(144, 'עיכוב ע\"י התוצרים.', 141, 0, 0, ''),
(145, 'ב+ג', 141, 0, 1, ''),
(146, 'סה\"כ ATP שנוצר מ- PDC (ללא מעגל קרבס בשרשרת מעבר אלקטרונים) הוא:', 146, 1, NULL, ''),
(147, '2 או 3 ATP כתלות בשאטל', 146, 0, 0, ''),
(148, '2 ATP מ FADH2', 146, 0, 0, ''),
(149, '3 ATP מ NADH', 146, 0, 1, ''),
(150, '5 ATP מ NADH ומולקולת FADH2', 146, 0, 0, ''),
(151, 'מה יגרום להשבתת PDH ?', 151, 1, NULL, ''),
(152, 'NADH בעודף', 151, 0, 1, ''),
(153, 'פעילות האנזים פוספאטאז', 151, 0, 0, 'פוספטאז מסיר פוספט מ E1'),
(154, 'סידן שמשתחרר כתגובה לעודף ב- ATP', 151, 0, 0, 'סידן משחרר אינהיביציה'),
(155, 'ארסניום שגורם לעיכובו של E1', 151, 0, 0, 'מעכב את E2'),
(156, 'הבקרה על PDC מבוצעת ע\"י', 156, 1, NULL, ''),
(157, 'הפעלה ע\"י פוספורילציה של של פירווט דהידרוגינאז (E1)', 156, 0, 0, ''),
(158, 'עיכוב של דהידרוליפואיל דהידרוגינאז (E3) ע\"י NADH', 156, 0, 1, ''),
(159, 'עיכוב של דהידרוליפואיל טראנסאצטילאז (E2) ע\"י NAD+', 156, 0, 0, ''),
(160, 'עיכוב של E1 מרכיב הפירווט דהידרוגינאז ע\"י אצטיל CoA', 156, 0, 0, ''),
(161, 'עיכוב ע\"י AMP', 156, 0, 0, ''),
(162, 'הכל שגוי', 156, 0, 0, ''),
(163, 'מה אינו נכון לגבי PDH?', 163, 1, NULL, ''),
(164, 'NAD+ מחמצן בחזרה את הזרוע הליפואית ובכך מאפשר את המשך פעילות ה- PDC', 163, 0, 1, ''),
(165, 'מפירווט עד אצטיל CoA נעשה שימוש ב- 3 קופקטורים.', 163, 0, 0, ''),
(166, 'PDH מתרחש כולו במיטוכונדריה.', 163, 0, 0, ''),
(167, 'פעולת הפוספורילציה בקומפלקס תעכב יצירה של אצטיל CoA', 163, 0, 0, ''),
(168, 'מהי חשיבותו של אנזים E3 ?', 168, 1, NULL, ''),
(169, 'חימצון של החומצה הליפואידית', 168, 0, 1, ''),
(170, 'נוכחות מוגברת של סידן ב- PDH תגרום ל:', 170, 1, NULL, ''),
(171, 'הסרת מעכבים על E1 וחזרה לפעילות תקינה של הקומפלקס', 170, 0, 1, ''),
(172, 'עיכוב של E1 מאחר ומגיעה בעקבות עודף באנרגיה', 170, 0, 0, ''),
(173, 'אינה רלוונטית לפעילותו של הקומפלקס', 170, 0, 0, ''),
(174, 'זירוז פעילות השחרור של אצטיל CoA מ E2 וע\"י כך זירוז לקראת מעגל קרבס', 170, 0, 0, ''),
(175, 'סמן את המשפט הנכון:', 175, 1, NULL, ''),
(176, 'אצטיל CoA מתקבל מפירווט ושומנים בלבד.', 175, 0, 0, ''),
(177, 'מחסור בויטמין B5 גורם לבעיות עור ובמצבים חמורים ללשון חלקה.', 175, 0, 0, ''),
(178, 'כאשר ארסניום נקשר לאנזים שמכיל ליפומיד, PDH אינו פעיל.', 175, 0, 1, ''),
(179, 'בקרה על אנזים מספר 1 היא החשובה ביותר ומתרחשת באמצעות עיכוב ע\"י מצב אנרגטי נמוך.', 175, 0, 0, ''),
(180, 'התאם בין קופקטורים לאנזימים', 180, 1, NULL, ''),
(181, 'E1 – TPP', 180, 0, 1, ''),
(182, 'E2 – ליפואיד, CoA', 180, 0, 1, ''),
(183, 'E3 – FAD, NAD+', 180, 0, 1, ''),
(184, 'יון ארסנט רעיל יכול להגיב עם שתי קבוצות של ליפומיד. איזה תהליך נפגע?', 184, 1, NULL, ''),
(185, 'אלפא קטו גלוטראט הופך לסוקציניל CoA', 184, 0, 1, ''),
(186, 'כשיש אפינפרין:', 186, 1, NULL, ''),
(187, 'מפעיל adenylate cyclase', 186, 0, 1, 'אפינפרין – לא מעכב cAMP, לא מעכב גליקוליזה בשריר, לא מגביר ייצור גליקוגן וגלוקונאוגנזה בשריר'),
(188, 'אפינפרין וגלוקגון:', 188, 1, NULL, ''),
(189, 'שניהם מעלים גלוקוז בדם ולא מופעלים מאותו טריגר', 188, 0, 1, ''),
(190, 'גורמים ל cAMP לפעול', 188, 0, 1, ''),
(191, 'למה גורם cAMP בנוכחות גלוקגון ואפינפרין?', 191, 1, NULL, ''),
(192, 'לזירוז גלוקונאוגנזה בכבד', 191, 0, 0, ''),
(193, 'לזירוז ליפוליזה (פירוק) של חומצות שומן', 191, 0, 0, ''),
(194, 'לזירוז גליקוליזה', 191, 0, 0, ''),
(195, 'א+ב', 191, 0, 1, ''),
(196, 'ההבדל בין אינסולין לאפינפרין הוא:', 196, 1, NULL, ''),
(197, 'שניהם מורידים את רמת הגלוקוז בדם, אך אפינפרין פועל מהר יותר', 196, 0, 0, ''),
(198, 'שניהם מעלים את רמת הגלוקוז בדם אך הסיגנל המביא להפרשתם שונה', 196, 0, 0, ''),
(199, 'אינסולין מופרש מתאי בטא ואפינפרין מתאי אלפא', 196, 0, 0, 'אינסולין – תאי בטא, גלוקגון – תאי אלפא'),
(200, 'אפניפרין מעלה גלוקוז בדם ואינסולין מוריד אותו', 196, 0, 1, ''),
(201, 'ג+ד', 196, 0, 0, ''),
(202, 'מה ההבדל בין אפינפרין ואינסולין?', 202, 1, NULL, ''),
(203, 'אפינפרין מעלה את רמת הגלוקוז בדם ואינסולין מוריד.', 202, 0, 1, ''),
(204, 'השפעתם זהה, אך אפינפרין פועל מהר יותר.', 202, 0, 0, ''),
(205, 'אינסולין מופרש מתאי בטא בכבד ואפינפרין מופרש מתאי אלפא.', 202, 0, 0, 'אינסולין – תאי בטא, גלוקגון – תאי אלפא'),
(206, 'שניהם מעלים את רמת הגלוקוז, אך מופעלים ע\"י סיגנל שונה.', 202, 0, 0, ''),
(207, 'א+ג נכונות.', 202, 0, 0, ''),
(208, 'התאם בין הקופקטור לאנזים:', 208, 1, NULL, ''),
(209, 'ויטמין B6 - טרנס אלדולאז', 208, 0, 0, ''),
(210, 'ויטמין B1', 208, 0, 0, ''),
(211, 'ויטמין B3 - G6PDH', 208, 0, 1, ''),
(212, 'אף תשובה אינה נכונה', 208, 0, 0, ''),
(213, 'כל התשובות נכונות', 208, 0, 0, ''),
(214, 'אילו מהאנזימים הבאים משתמשים ב TPP כקופקטור?', 214, 1, NULL, ''),
(215, 'אלפא קטוגלוטארט דהידרוגינאז', 214, 0, 1, ''),
(216, 'טראנסקטולאז', 214, 0, 1, ''),
(217, 'טראנסאלדולאז', 214, 0, 0, ''),
(218, 'סוקצינאט דהידרוגינאז', 214, 0, 0, ''),
(219, 'התאם בין פעילות לקופקטור', 219, 1, NULL, ''),
(220, 'דה-קרבוקסילציה של פירווט - קופקטור: TPP', 219, 0, 1, ''),
(221, 'חימצון של מולקולת FADH2  - קופקטור: NAD+', 219, 0, 1, ''),
(222, 'חימצון של די-הידרו-ליפו-אמיד - קופקטור: FAD', 219, 0, 1, ''),
(223, 'קבלת מולקולת אצטט - קופקטור: CoA', 219, 0, 1, ''),
(224, 'אילו מהאנזימים הבאים משתמשים ב NADP כקופקטורים עבור פעולתם?', 224, 1, NULL, ''),
(225, 'גלוטמאט דהידרוגינאז', 224, 0, 1, 'מעגל אוריאה NAD+(or NADP+) is a cofactor for the glutamate dehydrogenase reaction'),
(226, 'G6PDH', 224, 0, 1, 'מעגל פנטוזות'),
(227, 'מאליק', 224, 0, 1, 'פירווט מאלאט'),
(228, 'טראנסקטולאז', 224, 0, 0, ''),
(229, 'טראנסאלדולאז', 224, 0, 0, ''),
(230, 'מה נכון לגבי אנזימים?', 230, 1, NULL, ''),
(231, 'הידרוגינאז משתמש רק ב NADH', 230, 0, 0, 'NADPH, FADH'),
(232, 'מוטאז הופך מקטון לאלדהיד', 230, 0, 0, 'משנה מיקומים, לא רק מקטון לאלדהיד'),
(233, 'איזומראז מעביר מיקום של פוספט', 230, 0, 0, 'משנה מיקום, לא רק פוספאט'),
(234, 'קינאזות משתמשים ומייצרים נוקלאוטידים', 230, 0, 1, ''),
(235, 'הנתון המאפשר ללמוד על מהירותה של תגובה אנזימטית בצורה משמעותית ביותר הוא:', 235, 1, NULL, ''),
(236, 'ערכי הקבועים K1 ו- K2', 235, 0, 0, ''),
(237, 'קבוע שיווי המשקל של התהליך', 235, 0, 0, ''),
(238, 'ערך ה- Km (קבוע מיכאליס)', 235, 0, 0, ''),
(239, 'גודל ה- K3 כלומר Kcat', 235, 0, 1, ''),
(240, 'חומר המעכב פעילות אנזימתית ע\"י כך שהוא מונע זמנית את היווצרות התצמיד ES יכול להיות מעכב:', 240, 1, NULL, ''),
(241, 'תחרותי', 240, 0, 1, ''),
(242, 'קוולנטי', 240, 0, 0, ''),
(243, 'אלוסטרי', 240, 0, 0, ''),
(244, 'בלתי תחרותי (uncompetitive)', 240, 0, 0, ''),
(245, 'לא תחרותי (noncompetitive)', 240, 0, 0, ''),
(246, 'איזה מהבאים נכון?', 246, 1, NULL, ''),
(247, 'אנזימי דה-הידרוגינאזות מבצעים פעולות חמצון-חיזור.', 246, 0, 0, ''),
(248, 'מוטאזות מעבירות קבוצת פוספט באותה המולקולה.', 246, 0, 0, ''),
(249, 'קינאזות יוצרות נוקלאוטידים.', 246, 0, 0, ''),
(250, 'אנזימי איזומראזות הופכים מקטון לאלדהיד.', 246, 0, 0, ''),
(251, 'א+ד נכונות.', 246, 0, 0, ''),
(252, 'כל התשובות נכונות.', 246, 0, 1, ''),
(253, 'טרנס אלדולזות הם אנזימים:', 253, 1, NULL, ''),
(254, 'שפועלים על פוספואנולפירווט', 253, 0, 0, ''),
(255, 'שמעבירים יחידות דו פחמניות במעגל פנטוזות', 253, 0, 0, ''),
(256, 'שמעבירים יחידות תלת פחמניות במעגל פנטוזות', 253, 0, 1, ''),
(257, 'שלצורך פעילותם זקוקים לויטמין B1 (טיאמין)', 253, 0, 0, ''),
(258, 'משתמשים בויטמין B6', 253, 0, 0, ''),
(259, 'ה- Km של האנזים פומרז הוא 6-^10*5 מולר. אם נגדיל את ריכוז המצע פי אלף ל – 3-^10*5 מולר תגדל מהירות התגובה לכל היותר פי:', 259, 1, NULL, ''),
(260, 'לא תגדל', 259, 0, 0, ''),
(261, 'לא ניתן לקבוע', 259, 0, 0, ''),
(262, '100', 259, 0, 0, ''),
(263, '1000', 259, 0, 0, ''),
(264, '2', 259, 0, 1, 'ערכו המספרי של Km הוא מחצית מהמהירות המקסימלית של האנזים'),
(265, 'שינוי pH משנה את פעילות האנזים מכיוון ש:', 265, 1, NULL, ''),
(266, 'הכל נכון', 265, 0, 1, ''),
(267, 'כוחות משיכה בין אנזים למצע', 265, 0, 0, ''),
(268, 'מבנה מרחבי של אתר פעיל', 265, 0, 0, ''),
(269, 'קשרי מימן', 265, 0, 0, ''),
(270, 'מה הם איזואנזימים?', 270, 1, NULL, ''),
(271, 'אנזימים שונים המקטלזים אותה הריאקציה', 270, 0, 1, ''),
(272, 'אנזימים דומים המקטלזים פעולות שונות', 270, 0, 0, ''),
(273, 'Serine protease', 273, 1, NULL, ''),
(274, 'היסטידין (מוסר מימן להיסטדין-)', 273, 0, 1, ''),
(275, 'מה לא נכון?', 275, 1, NULL, ''),
(276, 'כל חומצה אמינית יכולה להיות בופר ב pH שונים', 275, 0, 0, ''),
(277, 'בחיבור חומצות אמיניות נפלט מים', 275, 0, 0, ''),
(278, 'כל חומצה אמינית מכילה קבוצה אמידית וקבוצה קרבוקסילית', 275, 0, 0, ''),
(279, 'כל חלבון מתחיל ב MET', 275, 0, 0, ''),
(280, 'כל חומצה אמינית מכילה R עם pKa משלה', 275, 0, 0, 'לא לכל ח\"א יש קבוצת R עם pKA<br><section class=\"QuestionBody__QuestionBodyWrapper-sc-95l79p-0 gylXZG\" style=\"margin: 0px auto 1rem; padding: 0px 1rem; border: 0px; font-variant-numeric: inherit; font-variant-east-asian: inherit; font-stretch: inherit; line-height: inherit; font-family: &quot;Aspira Webfont&quot;, Aspira, Helvetica, Arial, sans-serif; vertical-align: baseline; overflow-wrap: break-word; max-width: 800px; min-width: 300px; box-sizing: inherit; color: rgb(34, 34, 34); text-align: start; background-color: rgb(255, 255, 255);\"><div class=\"QuestionBody__QuestionContent-sc-95l79p-1 jvpNmB\" style=\"margin: 0px 0px 1rem; padding: 0px; border: 0px; font: inherit; vertical-align: baseline; overflow: auto hidden; box-sizing: inherit;\"><p style=\"margin-right: 0px; margin-bottom: 0px; margin-left: 0px; padding: 0px; border: 0px; font-style: inherit; font-variant: inherit; font-weight: inherit; font-stretch: inherit; font-size: inherit; line-height: inherit; vertical-align: baseline; box-sizing: inherit; font-family: inherit !important;\"><br></p><p style=\"margin-right: 0px; margin-bottom: 0px; margin-left: 0px; padding: 0px; border: 0px; font-style: inherit; font-variant: inherit; font-weight: inherit; font-stretch: inherit; font-size: inherit; line-height: inherit; vertical-align: baseline; box-sizing: inherit; font-family: inherit !important;\"><img alt=\"Amino acid 3-letter code Ala pKa and pl values of amino acids 1-letter pka pka code C-COOH C-NH, A 2.34 9.69 pka side chain I\" src=\"https://media.cheggcdn.com/media/22c/22c8e1be-5957-4dbb-86de-fa8f1a42339b/phpw1Qr2N.png\" style=\"margin: 0px; padding: 0px; border: 0px; font-style: inherit; font-variant: inherit; font-weight: inherit; font-stretch: inherit; font-size: inherit; line-height: inherit; font-family: inherit !important; vertical-align: baseline; height: 890px; max-width: 100%; box-sizing: inherit; width: 818px;\"><br></p></div></section>'),
(281, 'רק R של חומצה אמינית משפיעות על המטען הכולל של האתר הפעיל של החלבון', 275, 0, 1, ''),
(282, 'איזה מהמשפטים נכונים לגבי CPS1?\n', 282, 1, NULL, ''),
(283, 'נמצא במיטוכונדריה', 282, 0, 1, ''),
(284, 'משתמש ב- NH4 כמקור לחנקן (בNh3-)', 282, 0, 1, ''),
(285, 'נמצא בציטופלסמה', 282, 0, 0, ''),
(286, 'משתמש בגלוטמין כמקור לחנקן', 282, 0, 0, ''),
(287, 'N-acetyl Glutamat משמש כמזרז אלוסטרי לפעילות האנזים', 282, 0, 0, ''),
(288, 'ריכוז שתנן (urea) גבוה:\r\n', 288, 1, NULL, ''),
(289, 'עשירה בחלבונים ענייה בפחמימות', 288, 0, 1, ''),
(290, 'עניה בחלבונים עשירה בפחמימות', 288, 0, 0, ''),
(291, 'בלי חלבונים, עשירה בפחמימות ושומנים', 288, 0, 0, ''),
(292, 'כל התשובות שגויות', 288, 0, 0, ''),
(293, 'מה לא נכון לגבי מעגל Urea:', 293, 1, NULL, ''),
(294, 'Ornithine מוכנס מהציטופלסמה למיטוכונדריה', 293, 0, 0, ''),
(295, 'פומרט עובר למעגל קרבס וגם מעגל קרבס מספק באופן עקיף אספרטט למעגל urea.', 293, 0, 0, ''),
(296, 'ATP משמש רק לצורך אנרגיה במעגל Urea', 293, 0, 1, ''),
(297, 'ציטרולין הופך לארג\'ינינו סוקצינט ע\"י הוספת אספרטט', 293, 0, 0, ''),
(298, 'ויטמין B1', 298, 1, NULL, ''),
(299, 'בונה FAD ו- FMN', 298, 0, 0, ''),
(300, 'יחד עם ויטמין B2 יוצר את אצטיל CoA', 298, 0, 0, ''),
(301, 'B1 \\ TPP הוא הקופקטור של E1 ב PDH', 298, 0, 1, ''),
(302, '1+3', 298, 0, 0, ''),
(303, 'מה נכון?', 303, 1, NULL, ''),
(304, 'PLP משמש קופקטור חשוב בדה אמינציה', 303, 0, 1, ''),
(305, 'לאנשים העושים דיאטה המבוססת על צריכה נמוכה ביותר של סוכרים, יש צורך באכילת תוסף מסוים במזונם', 305, 1, NULL, ''),
(306, 'פירווט', 305, 0, 0, ''),
(307, 'UTP', 305, 0, 0, ''),
(308, 'PLP', 305, 0, 0, ''),
(309, 'עמילז', 305, 0, 0, ''),
(310, 'ביוטין', 305, 0, 1, ''),
(311, 'המיוגלובין, בניגוד להמוגלובין, אינו חלבון אלוסטרי. זוהי תוצאי מכך ש:', 311, 1, NULL, ''),
(312, 'המיוגלובין הוא מונומר, ואילו ההמוגלובין הוא טטרמר', 311, 0, 1, ''),
(313, 'המיוגלובין מצוי בשרירים, וההמוגלובין מצוי בתאי דם אדומים', 311, 0, 0, ''),
(314, 'זיקת המיוגלובין לחמצן גבוהה מזו של ההמוגלובין', 311, 0, 0, ''),
(315, 'המיוגלובין אינו מושפע מאפקטורים אלוסטריים', 311, 0, 0, ''),
(316, 'המוגלובין של חולי אנמיה חרמשית נבדל מתקין בחומצה אמינית אחת. ליקוי תורשתי זה נגרם מ-', 316, 1, NULL, ''),
(317, 'טעות בשעתוק ב mRNA', 316, 0, 0, ''),
(318, 'החלפה של נוקלאוטיד אחד', 316, 0, 1, ''),
(319, 'השמטה של נוקלאוטיד אחד', 316, 0, 0, ''),
(320, 'אף תשובה אינה נכונה', 316, 0, 0, ''),
(321, 'HGS (המוגלובין חרמשי) עובר פולימריזציה עם מולקולות המוגלובין אחרות כי:', 321, 1, NULL, ''),
(322, 'הכנסה של קבוצה הידרופובית על פני השטח של החלבון שנמשכה לקבוצות הידרופוביות על מולקולות ה HGS האחרות', 321, 0, 1, ''),
(323, 'המבנה עובר שינוי על מנת \"לקבור\" את ה valine בתוך החלבון', 321, 0, 0, ''),
(324, 'C-terminal של השרשרת הפוליפפטידית ישתנה (יעבור מודיפיקציה)', 321, 0, 0, ''),
(325, 'ל valine יש נטייה חזקה ליצור קשרי מימן', 321, 0, 0, ''),
(326, 'מטען חיובי הוכנס בשטח הפנים בחיצוני של החלבון, והוא זה שייצור אינטראקציות עם המטענים השליליים שעל גבי המולקולות האחרות.', 321, 0, 0, ''),
(327, 'Phenylketonuria - PKU', 327, 1, NULL, 'חסר האנזים פנילאלנין הידרוקסילאז שהופך פנילאלנין לטירוזין'),
(328, 'כל התשובות נכונות', 327, 0, 1, ''),
(329, 'מצב זה מחייב אספקה של חומצה אמינית טירוזין בדיאטה', 327, 0, 0, ''),
(330, 'מחלה תורשתית שבבסיסה מחסור בפנילאלנין הידרוקסילאז', 327, 0, 0, ''),
(331, 'ללא טיפול מיידי לאחר הלידה מאופיינת בפיגור שכלי כבד', 327, 0, 0, ''),
(332, 'ניתנת לזיהוי בזכות ריחו המיוחד של השתן', 327, 0, 0, 'הפנילאלנין הבלתי-מפורק מומר לפנילקטונים, המופרשים מהגוף דרך השתן והזיעה'),
(333, 'טיפול על ידי דיאטה נטולת פנילאלנין', 327, 0, 0, ''),
(340, 'גבר בן 23 אינו מסוגל להתאמן מכיוון שמיד הוא חש בכאבים עזים בשריריו. לקחו ביופסיה משריר הזרוע שלו ומצאו כי בתאי השריר שלו חסר אנזים:', 340, 1, NULL, ''),
(341, 'גליקוגן פוספורילאז', 340, 0, 1, ''),
(342, 'פרוקטוז 1,6 ביפוספטאז', 340, 0, 0, ''),
(343, 'הקסוקינאז', 340, 0, 0, ''),
(344, 'PEPCK', 340, 0, 0, ''),
(345, 'פירווט דהידרוגינאז', 340, 0, 0, ''),
(346, 'מחלת הפול:', 346, 1, NULL, ''),
(347, 'סטייה מטבולית תורשתית שמקורה באנזים לא תקין בכדורית דם אדומה', 346, 0, 1, ''),
(348, 'הגלוטטיון אחראי לסינתזת NADPH', 346, 0, 0, ''),
(349, 'הביטוי העיקרי של המחלה הוא Sickle-cell anaemia (אנמיה חרמשית)', 346, 0, 0, ''),
(350, 'נותנת חסינות למלריה בגלל כדורית דם בצורת חרמש', 346, 0, 0, ''),
(351, 'מחלת MCARDLE', 351, 1, NULL, ''),
(352, 'חסר אנזים בשריר ואסור לחולים לעשות ספורט. גליקוגן פוספורילאז בעייתי. לא מצליחים לפרק גליקוגן ולעשות גליקוליזה במאמץ בשריר\r\n', 351, 0, 1, ''),
(353, 'חולים במחלת MCARDLE TYPE 5', 353, 1, NULL, ''),
(354, 'אינם מצליחים לסנתז גליקוגן בצורה נאותה', 353, 0, 0, ''),
(355, 'אינם מגיבים לגלוקגון בצורה נורמלית', 353, 0, 0, ''),
(356, 'מראים רמת גליקוליזה נמוכה בעת פעילות גופנית', 353, 0, 1, ''),
(357, 'חולים כתוצאה ממחסור גנטי בפוספורילז של הכבד', 353, 0, 0, ''),
(358, 'מתים בגיל צעיר', 353, 0, 0, ''),
(359, 'קרניטין:', 359, 1, NULL, ''),
(360, 'חיונית במעבר חומצות שומן למיטוכונדריה', 359, 0, 1, ''),
(361, 'מה גורם להשמנה?', 361, 1, NULL, 'עודף סוכרים עלול לגרום להשמנה עקב יצירת גליצרול'),
(362, 'יצירת NADPH במעגל פנטוזות', 361, 0, 0, ''),
(363, 'יצירת גליצרול במסלול הצדדי של הגליקוליזה', 361, 0, 0, ''),
(364, 'ייצור יתר של אצטיל CoA', 361, 0, 0, ''),
(365, 'א+ב', 361, 0, 0, ''),
(366, 'א+ב+ג', 361, 0, 1, ''),
(367, 'כולסטרול:', 367, 1, NULL, ''),
(368, 'אינו סימן להתקף לב, אינו משמין, 75 מהלוקים בהתקף לב בעלי כולסטרול תקין\r\n', 367, 0, 1, ''),
(369, 'חומצת שומן בעלת 6 פחמנים מתפרקת למרכיבים הבאים:', 369, 1, NULL, ''),
(370, 'ל-3 מולקולות של 3CO2 + Acetyl CoA', 369, 0, 0, ''),
(371, 'ל-2 מולקולות של 3 פחמנים שהופכות אח\"כ למולקולות סוקציניל CoA', 369, 0, 0, ''),
(372, 'ל-3 מולקולות של 2 פחמנים שהופכות אח\"כ למולקולות סוקציניל CoA', 369, 0, 0, ''),
(373, 'לשלוש מולקולות  אצטיל CoA', 369, 0, 1, ''),
(374, 'ל-2 מולקולות של 2CO2 + Acetyl CoA', 369, 0, 0, ''),
(375, 'מחומצת שומן בעלת 20 פחמנים נקבל:', 375, 1, NULL, ''),
(376, '116', 375, 0, 0, ''),
(377, '163', 375, 0, 1, 'היא הדגישה שמדובר בחומצת שומן חופשית ולא ב- Fatty Acyl CoA ממנה היו מתקבלות 165'),
(378, '164', 375, 0, 0, ''),
(379, '165', 375, 0, 0, ''),
(380, 'סמן את התשובה הנכונה:', 380, 1, NULL, ''),
(381, 'כדי לחדור את ממברנת התא חומצות השומן צריכות להתחבר למולקולת קרניטין באמצעות אנזים CAT1.', 380, 0, 0, ''),
(382, 'פירוק (חמצון) חומצות שומן נעשה ברובו בציטופלסמה', 380, 0, 0, ''),
(383, 'אנזים CAT2 עוזר לחומצת השומן להפטר ממולקולת הקרניטין לאחר שחומצת השומן נכנסה למיטוכונדריה.', 380, 0, 1, ''),
(384, 'חומצת השומן הן הידרופוביות ועל כן אין להם כל בעיה לחדור את ממברנת המיטוכונדריה השומנית.', 380, 0, 0, ''),
(385, 'מה נקבל מחומצת שומן בעלת 9 פחמנים:', 385, 1, NULL, ''),
(386, '3 מולקולות בעלות 3 פחמנים שיהפכו לסוקציניל CoA', 385, 0, 0, ''),
(387, '3 מולקולות של אצטיל CoA + 3CO2', 385, 0, 0, ''),
(388, '3 מולקולות של אצטיל CoA + מולקולה בעלת 3 פחמנים', 385, 0, 1, ''),
(389, '4 מולקולות של אצטיל CoA + 1CO2', 385, 0, 0, ''),
(390, 'סדר את תהליכי הבטא אוקסידציה', 390, 1, NULL, ''),
(391, '6. הידרוליזה', 390, 0, 1, ''),
(392, '7. ביקוע תיאוליטי', 390, 0, 1, ''),
(393, '2. תגובה עם CoA', 390, 0, 1, ''),
(394, '3. תגובה עם קרניטין', 390, 0, 1, ''),
(395, '4. חומצת שומן קשורה ל CoA במיטוכונדריה', 390, 0, 1, ''),
(396, '5. הפיכת FAD ל FADH2', 390, 0, 1, ''),
(397, '1. חומצת שומן חופשית בציטוזול', 390, 0, 1, ''),
(398, 'תהליך הבטא אוקסידציה:', 398, 1, NULL, ''),
(399, 'מתרחש כרצף של 4 ראקציות שחוזרות על עצמן', 398, 0, 1, ''),
(400, 'מתרחש רק בחומצות שומן רוויות בעלות מספר פחמנים זוגי בתור הסובסטראט', 398, 0, 0, ''),
(401, 'משתמש בNADP+', 398, 0, 0, ''),
(402, 'בדרך כלל מעוקב במצב רעב (starvation)', 398, 0, 0, ''),
(403, 'מייצר ATP רק עם בהמשך מתרחש חמצון של אצטיל CoA', 398, 0, 0, ''),
(404, 'מהו הרווח שנקבל מפירוק Propynyl CoA ?', 404, 1, NULL, 'פרופיניל הוא השלשה שמתקבלת מפירוק של חומצת שומן אי זוגית, הפיכה של פרופיניל לסוקיניל קוא – מאבדים ATP. כניסה של הסוקסיניל לאמצע קרבס משאירה רווח של 1ATP+1NADH+1FADH'),
(405, 'אין רווח, אלא הפסד של 1 ATP', 404, 0, 0, 'אם עוצרים אחרי הפירוק שלו ל – Succinyl coA'),
(406, 'ישנו רווח אנרגטי של 5 ATP', 404, 0, 0, 'אם מתייחסים לכניסה לקרבס ללא קיזוז'),
(407, 'ישנו רווח אנרגטי של 4 ATP', 404, 0, 1, 'אם מתייחסים לכניסה לקרבס עם קיזוז'),
(408, 'סינתזה של חומצה שומנית בעלת 20 פחמנים תדרוש', 408, 1, NULL, ''),
(409, 'אצטיל CoA (סטרטר) + 9 מלנואיל CoA (לשאר המחזורים) + 18 NADPH (שניים פר מחזור).\n', 408, 0, 1, ''),
(410, 'בסינתזת חומצות שומן:', 410, 1, NULL, ''),
(411, 'האנזים CAT II מחליף את ה CoA של חומצת השומן בקרניטין ומאפשר כניסתה למיטוכונדריה.', 410, 0, 0, 'אם היה כתוב קאט1 זה היה נכון. נושא: חמצון בטא'),
(412, 'בחומצת שומן בעל 6 פחמנים , נבצע 5 סיבובי בטא אוקסידציה ונקבל: 5NADH , 5FADH2 , 5 Acetyl CoA', 410, 0, 0, ''),
(413, 'כשמספר הפחמנים אינו זוגי בחומצת השומן, ...', 410, 0, 1, ''),
(414, 'גביש טהור של החומר אלפא די-גלוקוז מומס במים, ונשאר כך בתמיסה לזמן רב. אחרי זמן זה התמיסה תכיל:', 414, 1, NULL, ''),
(415, 'שרשרת פתוחה של די גלוקוז', 414, 0, 1, ''),
(416, 'בטא די גלוקוז', 414, 0, 1, 'זוהי הנכונה לפי מה שכתבו- הבטא יותר יציב'),
(417, 'אלפא L גלוקוז', 414, 0, 0, ''),
(418, 'בטא L גלוקוז', 414, 0, 0, ''),
(419, 'סמן את הנכון', 419, 1, NULL, ''),
(420, 'צלוביוז הוא דו סוכר שמרוכב משתי מולקולות של גלוקוז', 419, 0, 0, ''),
(421, 'גלוקוז ופרוקטוז הם הקסוזות', 419, 0, 0, ''),
(422, 'גלוקוז ופרוקטוז הם סוכרים מחזרים', 419, 0, 0, ''),
(423, 'פרוקטוז שונה מגלוקוז בכך שפרוקטוז הוא קטון וגלוקוז הוא אלדאיד', 419, 0, 0, ''),
(424, 'כל התשובות נכונות', 419, 0, 1, ''),
(425, 'סוכרים:', 425, 1, NULL, ''),
(426, 'פרוקטוז הוא קטוז, וגלוקוז הוא אלדהיד', 425, 0, 1, ''),
(427, 'בתמיסה מימית גלוקוז הוא משושה ופרוקטוז הוא מחומש', 425, 0, 1, ''),
(428, 'צלולוז עשוי מדו סוכר של גלוקוז', 425, 0, 0, ''),
(429, 'יון ארסנט רעיל יכול להגיב עם שתי קבוצות של ליפומיד. איזה תהליך נפגע?', 429, 1, NULL, ''),
(430, 'אלפא קטו גלוטראט הופך לסוקציניל CoA', 429, 0, 1, ''),
(431, 'בתהליך פירוק הגליקוגן (Glycogenolysis) האנזים הרגולטורי הוא:', 431, 1, NULL, ''),
(432, 'PFK', 431, 0, 0, ''),
(433, 'גליקוגן סינתז', 431, 0, 0, ''),
(434, 'פוספורילז', 431, 0, 1, ''),
(435, 'הקסוקינז', 431, 0, 0, ''),
(436, 'אנזים יוצר הסתעפויות', 431, 0, 0, ''),
(437, 'אנזים מפרק הסתעפויות', 431, 0, 0, ''),
(438, 'בפרוק גליקוגן בשריר התוצר העיקרי שמתקבל הוא:', 438, 1, NULL, ''),
(439, 'גלוקוז 1 פוספט', 438, 0, 0, ''),
(440, 'גלוקוז 6 פוספט', 438, 0, 1, ''),
(441, 'גלוקוז 1,4 שרשראות', 438, 0, 0, ''),
(442, 'גלוקוז', 438, 0, 0, ''),
(443, 'UDP גלוקוז', 438, 0, 0, ''),
(444, 'גלוקוז 1,6 ביפוספאט', 438, 0, 0, ''),
(445, 'בפירוק גליקוגן בקיבה התוצר העיקרי שמתקבל הוא גלוקוז', 445, 1, NULL, ''),
(446, 'בפירוק גליקוגן בקיבה התוצר העיקרי שמתקבל הוא גלוקוז', 445, 0, 1, ''),
(447, 'איזה מהמשפטים הבאים אינו נכון לגבי גליקוגן?', 447, 1, NULL, ''),
(448, 'מולקולת גלוקוז המורכבת מקשרי אלפא (1,4)', 447, 0, 0, ''),
(449, 'משתמש בנוקלאוטיד UDP לסינתוז.', 447, 0, 0, ''),
(450, 'משתמש בסינתוז ובפירוק בפוספופרוקטומאז', 447, 0, 0, 'אין דבר כזה. הכוונה ל PFK או PGM ?'),
(451, 'האנזים גליקוגן פוספורילאז משתמש ב ATP לפירוק G1P.', 447, 0, 0, ''),
(452, 'א+ד', 447, 0, 1, ''),
(453, 'סמן את הלא נכון:', 453, 1, NULL, ''),
(454, 'גליקוגן זה רשת מסועפת של קשרי אלפא 1,4', 453, 0, 0, 'שרשרת ראשית 1-4 ענפים 1-6'),
(455, 'פוספוגלוקומוטז משתתף בפירוק ובסינתזה של גליקוגן', 453, 0, 0, ''),
(456, 'לצורך יצירת גלוקוז 1 פוספאט מגלוקוז משתמש גליקוגן פוספורילז ב ATP', 453, 0, 0, ''),
(457, 'הנוקלאוטיד המשתתף בסינטזת גליקוגן הוא ADP', 453, 0, 0, 'גלוקוז 1 פוספט מתפרק ל UTP ו- ADP (כנראה טעות- גם ד\' לא נכון)'),
(458, 'א+ג', 453, 0, 1, ''),
(459, 'מה נכון?', 459, 1, NULL, ''),
(460, 'כדי לסנתז גליקוגן צריך גליקוג\'נין (גלוקוז מסנתז גליקוגן ע\"י גליקוג\'נין)', 459, 0, 1, ''),
(461, 'בניגוד לתאי כבד, תאי שריר אינם משחררים גלוקוז לדם בתגובה לאפינפרין מכיוון שאין להם:', 461, 1, NULL, ''),
(462, 'גלוקוז-6-פוספטאז', 461, 0, 1, 'אנזים זה מזרז את ריאקצית ההידרוליזה של הפוספט מגלוקוז-6-פוספט. תגובה זו מאפשרת את יציאת הגלוקוז מהתאים (בעיקר תאי כבד) באמצעות נשא גלוקוז למחזור הדם, ובכך מגדילה את כמות הגלוקוז החופשי בדם.'),
(463, 'אפינפרין רצפטור', 461, 0, 0, ''),
(464, 'פוספורליאז', 461, 0, 0, ''),
(465, 'אדנילאט ציקלאז', 461, 0, 0, ''),
(466, 'פוספוגלוקומוטאז', 461, 0, 0, ''),
(467, 'גלוקוקינאז', 461, 0, 0, ''),
(468, 'מה המשפט הנכון לגבי מטבוליזם של גליקוגן בתאי שריר:', 468, 1, NULL, ''),
(469, 'ATP דרוש לתהליך הפיכת גליקוגן לגלוקוז-1-פוספט (G1P)', 468, 0, 0, ''),
(470, 'גליקוגן עובר הידרוליזה לקבלת מולקולות פשוטות של גלוקוז חופשי שיכולות להיכנס לגליקוליזה', 468, 0, 0, ''),
(471, 'אין צורך בנוקלאוטידים בתהליך הפיכת גלוקוז לגליקוגן', 468, 0, 0, ''),
(472, 'פוספורילז הוא האנזים היחיד הנדרש לתהליך פרוק הגליקוגן', 468, 0, 0, ''),
(473, 'גלוקוז המתקבל מפרוק גליקוגן יתן נטו של 3 מולקולות ATP בגליקוליזה אנאירובית', 468, 0, 1, 'כי גליקוגן הופך לגלוקוז 6 פוספט – כך שהוא נכנס ישירות לשלב השני בגליקוליזה – חוסך ATP אחד'),
(474, 'בבניית הגליקוגן משתתפים:', 474, 1, NULL, ''),
(475, 'גליקוגן סינתאז', 474, 0, 0, ''),
(476, 'אנזים יוצר הסתעפויות', 474, 0, 0, ''),
(477, 'אנזים מסיר הסתעפויות', 474, 0, 0, ''),
(478, 'פוספורילאז', 474, 0, 0, ''),
(479, 'א+ד', 474, 0, 0, ''),
(480, 'א+ב', 474, 0, 1, ''),
(481, 'מה המשפט הנכון?', 481, 1, NULL, ''),
(482, 'גליקוליזה זקוקה לחמצן', 481, 0, 0, ''),
(483, 'גליקוליזה לא יכולה להתבצע בתנאים אנאירוביים', 481, 0, 0, ''),
(484, 'גליקוליזה בתנאים אנאירוביים הופכת פירווט ללקטאט תוך מיחזור NADH', 481, 0, 1, ''),
(485, 'פרוקטוז-2,6-ביפוספאט הינו', 485, 1, NULL, ''),
(486, 'תוצר ביניים בגליקוליזה', 485, 0, 0, ''),
(487, 'משפעל PFK', 485, 0, 1, 'זה הנכון'),
(488, 'מעכב את הפרוקטוז ביפוספאט', 485, 0, 1, '???'),
(489, 'פועל בגליקוליזה', 485, 0, 0, 'תלויייי'),
(490, 'פועלה בגליקונאוגנזה', 485, 0, 0, 'תלויי'),
(491, 'מה לא יכול להיות סובסטרט לגלוקונאוגנזה?', 491, 1, NULL, ''),
(492, 'לקטט', 491, 0, 0, ''),
(493, 'אצטט', 491, 0, 1, ''),
(494, 'אלנין', 491, 0, 0, ''),
(495, 'גלוטמט', 491, 0, 0, ''),
(496, 'סוקצינט', 491, 0, 0, ''),
(497, 'גליצרול', 491, 0, 0, ''),
(498, 'מצע לגליקוליזה:', 498, 1, NULL, ''),
(499, 'לקטט', 498, 0, 0, ''),
(500, 'פירווט', 498, 0, 0, ''),
(501, 'חומצת שומן', 498, 0, 0, ''),
(502, 'אלנין', 498, 0, 0, ''),
(503, 'גליצרול', 498, 0, 1, ''),
(504, 'מה אינו נכון לגבי הגליקוליזה?', 504, 1, NULL, ''),
(505, 'בפעילות פוספופרוקטוקינאז ננצל ATP אחד', 504, 0, 0, ''),
(506, 'מגליצרול אחד נקבל 4 ATP (עד פירווט)', 504, 0, 1, 'הסיבה לאי נכונות כי כתוב גליצרול אחד'),
(507, 'מגלוקוז אחד נקבל 2 ATP (עד פירווט)', 504, 0, 0, '?? \r\n'),
(508, 'פוספוגליקומוטאז מעביר פוספט מפחמן 2 לפחמן 3', 504, 0, 0, 'הסבר: שם האנזים לא נכון. אם הטעות היא בהעתקת השם יתכן שהתשובה נכונה כי מדובר בשווי משקל'),
(509, 'במהלך גליקוליזה אנאירובית ישנו ייצור נטו בציטופלזמה של:', 509, 1, NULL, ''),
(510, 'ATP', 509, 0, 1, ''),
(511, 'NAD+', 509, 0, 0, ''),
(512, 'CO2', 509, 0, 0, ''),
(513, 'NADH', 509, 0, 0, ''),
(514, 'FADH2', 509, 0, 0, ''),
(515, 'פירווט', 509, 0, 0, ''),
(516, 'סמן את המשפט הלא נכון:', 516, 1, NULL, ''),
(517, 'בראקצית פוספופרוקטוקינז (PFK) שבגליקוליזה נצרך ATP אחד על כל גלוקוז', 516, 0, 0, ''),
(518, 'גלוקוז מתפרק בגליקוליזה לשתי טריוזות ומכל טריוזה מקבלים 4 ATP (עד פירווט)', 516, 0, 1, ''),
(519, 'בגליקוליזה מקבלים נטו 2 מולקולות ATP (מגלוקוז עד פירווט)', 516, 0, 0, ''),
(520, 'פוספוגלוקומוטאז מעביר פוספאט מעמדה 2 ל-3 במולקולת פוספוגליצראט', 516, 0, 1, 'זה גם לא נכון, מעביר מ1 ל6, ואילו *פוספוגליצרטמוטאז* מעביר בגליקוליזה מפחמן 3 ל – 2'),
(521, 'גליקוליזה צריכה להיות מחומצנת...', 521, 1, NULL, ''),
(522, 'גליקוליזה מתקיימת רק ביצורים אנאירוביים.', 521, 0, 0, ''),
(523, 'גליקוליזה מתרחשת ביצורים אירוביים ואנאירוביים.', 521, 0, 1, ''),
(524, 'אף תשובה אינה נכונה.', 521, 0, 0, ''),
(525, 'המעכב האלוסטרי החשוב ביותר בגליקוליזה בשריר במנוחה הוא:', 525, 1, NULL, ''),
(526, 'ATP', 525, 0, 1, ''),
(527, 'AMP', 525, 0, 0, ''),
(528, 'NAD+', 525, 0, 0, ''),
(529, 'NADH', 525, 0, 0, ''),
(530, 'cAMP', 525, 0, 0, ''),
(531, 'פרוקטוז 2,6 ביפוספטאז', 525, 0, 0, ''),
(532, 'מה המשפט הנכון?', 532, 1, NULL, ''),
(533, 'המצעים של הגליקוליזה: פירווט, חומצות שומן, גליצרול, חומצת אמינו', 532, 0, 0, ''),
(534, 'גליצרול כמצע לגלוקונאוגנזה גורם לכך שלא צריך את המיטוכונדריה', 532, 0, 1, ''),
(535, 'יון הארסנט יכול להחליף את הפוספט בראקציה המקוטלזת ע\"י האנזים גליצראלדהיד 3 פוספטאז. התוצר המתקבל 1 ארסנו-3-פוספוגליצרט. תוצר זה עובר הידרוליזה באופן מיידי ומתקבלים לבסוף ארסנט וגם 3 פוספוגליצרט. כיצד לדעתך ישפיע חומר זה על תהליך הגליקוליזה בתאים?', 535, 1, NULL, ''),
(536, 'יתקבלו נטו 0 מולקולות ATP', 535, 0, 1, 'כי דילגנו על שלב הרווח בגליקוליזה'),
(537, 'רמות DHAP יעלו פי 2', 535, 0, 0, ''),
(538, 'לא תהיה כל השפעה על גליקוליזה', 535, 0, 0, ''),
(539, 'תהליך הגליקוליזה יתקע בשלב זה', 535, 0, 0, ''),
(540, 'יתקבלו 4 מולקולות NADH מגליקוליזה', 535, 0, 0, ''),
(541, 'יתקבלו נטו 2 מולקולות GTP', 535, 0, 0, ''),
(542, 'סמן את הנכון:', 542, 1, NULL, ''),
(543, 'GLU1,6P2 הוא אקטיבטור של הקסוקינז ואינהיביטור של PFK', 542, 0, 0, ''),
(544, 'גליקוליזה חייבת את המיטוכונדריה לצורך הספקת חמצן', 542, 0, 0, ''),
(545, 'גליקוליזה אינה יכולה להתקיים בתנאים אירוביים', 542, 0, 0, ''),
(546, 'הריאקציה בה פירווט הופך ללקטאט מאפשרת לגליקוליזה להתקיים בתנאים אנאירוביים', 542, 0, 1, ''),
(547, 'מה מהשפטים הבאים נכון?', 547, 1, NULL, ''),
(548, 'גלוקוניאוגנזה מתרחשת כולה בציטוזול', 547, 0, 0, ''),
(549, 'גלוקוניאוגנזה הוא היפוך מדויק של גליקוליזה', 547, 0, 0, ''),
(550, 'מצעים לגליקוליזה הם: אלנין, פירווט, חומצת שומן, לקטט, גליצרול', 547, 0, 0, ''),
(551, 'כל התשובות שגויות', 547, 0, 1, ''),
(552, 'אם נשתמש כלקטאט במצע לגלוקונאוגנזה לא נזדקק למיטוכונדריה', 547, 0, 0, ''),
(553, 'היפוגליצמיה יכולה להיגרם ע\"י חוסר של כל אחד מן האנזימים הבאים, חוץ מ:', 553, 1, NULL, 'Hypoglycemia = סוכר נמוך בדם'),
(554, 'PEP carboxykinase', 553, 0, 0, ''),
(555, 'Pyruvate carboxylase', 553, 0, 0, ''),
(556, 'Fructose-1,6-bisphosphatase', 553, 0, 0, ''),
(557, 'Glucose-6-phosphatase', 553, 0, 0, ''),
(558, 'Pyruvate dehydrogenase', 553, 0, 1, 'lactate-to-pyruvate ratio suggests PDH complex deficiency'),
(559, 'איזה מהאנזימים הבאים לא משתתף בגלוקונאוגנזה?', 559, 1, NULL, ''),
(560, 'פרוקטוז-1,6-ביפוספאטאז', 559, 0, 0, ''),
(561, 'גלוקוז-6-פוספאטאז', 559, 0, 0, ''),
(562, 'PEP קרבוקסיקינאז', 559, 0, 0, ''),
(563, 'פוספוגלוקומוטאז', 559, 0, 1, ''),
(564, 'פירווט קרבוקסילאז', 559, 0, 0, ''),
(565, 'בתהליך הגלוקונאוגנזה:', 565, 1, NULL, ''),
(566, 'חומרים שאינם סוכרים הופכים לגלוקוז', 565, 0, 1, ''),
(567, 'סוכרים שאינם גלוקוז הופכים לגלוקוז', 565, 0, 0, 'בתוך התהליך פרוקטוז כן!!'),
(568, 'שתי התשובות נכונות', 565, 0, 0, ''),
(569, 'אף תשובה', 565, 0, 0, ''),
(570, 'מה לא נכון במעגל קורי?', 570, 1, NULL, ''),
(571, 'השריר מעביר גלוקוז לכבד והכבד מעביר לקטאט לשריר', 570, 0, 1, ''),
(572, 'בשמרים ישנו אנזים הקרוי אלכוהול דהידרוגינז אשר מקטלז את הראקציה הבאה. מיהם המשתנים?  Acetaldehyde (CH3CH0) + X → Ethanol (CH3CH2OH) + Y', 572, 1, NULL, ''),
(573, 'X=NADH+H Y=NAD', 572, 0, 1, ''),
(574, 'X=NAD Y=NADH+H', 572, 0, 0, ''),
(575, 'X=NAD+H Y=NADH', 572, 0, 0, ''),
(576, 'X=NADPH Y=NADP+H', 572, 0, 0, ''),
(577, 'X=NADP Y=NADPH+H', 572, 0, 0, ''),
(578, 'התסיסה הכוהלית דומה לחיזור פירווט ללקטאט בכך ש-', 578, 1, NULL, ''),
(579, 'שניהם יכולים להתרחש בשריר בתנאים אנאירוביים', 578, 0, 0, ''),
(580, 'מטרת שניהם היא ליצור מחדש NADH', 578, 0, 0, 'מטרתם ליצור NAD+'),
(581, 'שניהם מאפשרים את המשך הגליקוליזה בתנאים אירוביים', 578, 0, 0, 'באנאירובי'),
(582, 'כל התשובות שגויות', 578, 0, 1, ''),
(583, 'טרנס אלדולזות הם אנזימים:', 583, 1, NULL, ''),
(584, 'שפועלים על פוספואנולפירווט', 583, 0, 0, ''),
(585, 'שמעבירים יחידות דו פחמניות במעגל פנטוזות', 583, 0, 0, ''),
(586, 'שמעבירים יחידות תלת פחמניות במעגל פנטוזות', 583, 0, 1, ''),
(587, 'שלצורך פעילותם זקוקים לויטמין B1 (טיאמין)', 583, 0, 0, ''),
(588, 'משתמשים בויטמין B6', 583, 0, 0, ''),
(589, 'בחלק החמצוני של מעגל פנטוזות מבוצע:', 589, 1, NULL, ''),
(590, 'מחזור של הפנטוז פוספט השונות שנוצרו לגלוקוז 6 פוספט', 589, 0, 0, ''),
(591, 'יצירת NADPH מגלוקוז 6 פוספט', 589, 0, 1, 'כל מה שמיוצר?? יש גם ריבולוז'),
(592, 'הפיכת גלוקוז 6 פוספט לפירווט', 589, 0, 0, ''),
(593, 'אף תשובה אינה נכונה', 589, 0, 0, ''),
(594, 'NADPH שנוצר במעגל פנטוזות:', 594, 1, NULL, ''),
(595, 'יכול להכנס למיטוכונדריה לשרשרת העברת אלקטרונים תוך יצירה של ATP', 594, 0, 0, ''),
(596, 'זהה ל NADH במבנהו פרט לקבוצת פוספט על הריבוז', 594, 0, 0, ''),
(597, 'משמש נשא של אלקטרונים ויוני מימן ולכן הוא כוח מחזר', 594, 0, 0, ''),
(598, 'משמש קופקטור של טרנס אלדולז', 594, 0, 0, ''),
(599, 'ב+ג', 594, 0, 1, ''),
(600, 'מעגל פנטוזות פועל כמעגל כאשר:', 600, 1, NULL, ''),
(601, 'צריך NADPH', 600, 0, 1, ''),
(602, 'צריך פנטוזות', 600, 0, 0, ''),
(603, 'השלב הלא חמצוני במעגל פנטוזות מייצר חומרים שהם תוצרי הביניים ב:', 603, 1, NULL, ''),
(604, 'גליקוליזה', 603, 0, 1, ''),
(605, 'כל התשובות נכונות', 603, 0, 0, ''),
(606, 'מעגל קרבס', 603, 0, 0, ''),
(607, 'מעגל קורי', 603, 0, 0, ''),
(608, 'גליקוגנליזיס (פירוק גליקוגן לגלוקוז)', 603, 0, 0, ''),
(609, 'סמן את המשפט הנכון:', 609, 1, NULL, ''),
(610, 'כאשר הדרישה לריבוזות ו- NADPH שווה, יפעל בעיקר השלב הלא חמצוני', 609, 0, 0, ''),
(611, 'כאשר הדרישה לריבוזות גדולה מאוד, ישמשו גליצראלדאיד-3-פוספט ופרוקטוז-6-פוספאט מקור לריבוזות ע\"י היפוך השלב הלא חמצוני במעגל פנטוזות', 609, 0, 1, ''),
(612, 'כאשר הדרישה ל- NADPH גדולה מזו של הריבוזות, יעבוד השלב החמצוני', 609, 0, 0, ''),
(613, 'כאשר הדרישה לריבוזות גדולה מאוד, נשתמש בשלב החמצוני והלא חמצוני של המעגל', 609, 0, 0, ''),
(614, 'כל התשובות שגויות', 609, 0, 0, ''),
(615, 'כאשר הדרישה לריבוזות ו NADPH שווה יופעל בעיקר השלב החימצוני', 615, 1, NULL, ''),
(616, 'כאשר הדרישה לריבוזות ו- NADPH שווה יופעל בעיקר השלב החימצוני', 615, 0, 1, ''),
(617, 'מהו מעגל גליאוקסלי?', 617, 1, NULL, ''),
(618, 'יצירת פחמימות משומנים בצמחים', 617, 0, 1, ''),
(619, 'יצירת שומנים מפחמימות בצמחים', 617, 0, 0, ''),
(620, 'מעגל מקביל למעגל קורי בו לקטאט הופך לאוקסלו אצטט.', 617, 0, 0, ''),
(621, 'יון ארסנט רעיל יכול להגיב עם שתי קבוצות של ליפומיד. איזה תהליך נפגע?', 621, 1, NULL, ''),
(622, 'אלפא קטו גלוטראט הופך לסוקציניל CoA', 621, 0, 1, ''),
(623, 'בזכות מעגל קרבס', 623, 1, NULL, ''),
(624, 'נספק אנרגיה לכלל רקמות הגוף הזקוקות לאנרגיה', 623, 0, 0, ''),
(625, 'נספק אנרגיה לכבד בפרט ורק אח\"כ לשאר רקמות הגוף', 623, 0, 0, ''),
(626, 'הכבד לא יצטרך לבצע גלוקונאוגנזה', 623, 0, 0, ''),
(627, 'נספק אנרגיה לרקמה ספציפית', 623, 0, 1, ''),
(628, 'סמן את המשפט הנכון:', 628, 1, NULL, ''),
(629, 'מעגל קרבס מתרחש בציטופלסמה.', 628, 0, 0, 'במיטוכונדריה'),
(630, 'בעזרת המעגל הגליאוקסלי חיידקים וצמחים יכולים להפוך פחמימות לשומנים.', 628, 0, 0, 'שומנים לפחמימות'),
(631, 'במעגל קרבס מתחמצן אצטיל CoA שיכול להתקבל גם מפירוק שומנים', 628, 0, 1, ''),
(632, 'בנשימה אנאירובית רוב ה- CO2 נוצר במעגל קרבס', 628, 0, 0, 'אין קרבס באנאירובית'),
(633, 'סמן את הנכון:', 633, 1, NULL, ''),
(634, 'במעגל קרבס מתחמצן אצטיל CoA שיכול להתקבל גם בפירוק שומנים', 633, 0, 1, ''),
(635, 'מעגל קרבס מתרחש בציטופלזמה', 633, 0, 0, ''),
(636, 'בעזרת המעגל הגליאוקסלי חיידקים וצמחים יכולים להפוך פחמימה לשומנים', 633, 0, 0, ''),
(637, 'ביצורים אנאירובים רוב ה CO2 נוצר במעגל קרבס', 633, 0, 0, ''),
(638, 'התהליכים האנפלרוטיים מאפשרים להעלות את רמת התוצרים של מעגל קרבס', 633, 0, 1, ''),
(639, 'מעגל קרבס מתרחש בבני אדם:', 639, 1, NULL, ''),
(640, 'תחילה במיטוכונדריה ולאחר מכן לציטופלסמה', 639, 0, 0, ''),
(641, 'בציטופלסמה בלבד', 639, 0, 0, ''),
(642, 'במיטוכונדריה בלבד', 639, 0, 1, ''),
(643, 'תחילה בציטופלסמה ולאחר מכן עובר למיטוכנדריה', 639, 0, 0, ''),
(644, 'תוצרי הביניים של מעגל קרבס נדרשים לתהליכים ביוסינתטיים. מלבד יצירת אנרגיה, כיצד מפצה הגוף על חוסרים אלו?', 644, 1, NULL, ''),
(645, 'באמצעות ריאקציות אנאפלרוטיות שמייצרות אוקסלואצטט.', 644, 0, 1, 'אנאפלרוטיות - ריאקציות שכל הזמן צריך לספקן מחדש. במעגל'),
(646, 'באמצעות איזואנזימים שמחפים על אלו שנלקחו לתהליכים האחרים.', 644, 0, 0, ''),
(647, 'באמצעות תהליכים ביוסינתטיים חילופיים למעגל קרבס.', 644, 0, 0, ''),
(648, 'פיצוי על מחסור בחומרים אלו באמצעות תזונה נכונה.', 644, 0, 0, ''),
(649, 'ברוב הרקמות - עליה ביחס הבא גורמת לעליה בפעילות במעגל קרבס:', 649, 1, NULL, ''),
(650, 'NAD+/NADH', 649, 0, 1, ''),
(651, 'ATP/AMP', 649, 0, 0, ''),
(652, 'GDP/GTP', 649, 0, 0, ''),
(653, 'NADH/NAD+', 649, 0, 0, ''),
(654, 'ATP/ADP', 649, 0, 0, ''),
(655, 'GTP/GDP', 649, 0, 0, ''),
(656, 'העברת OH מהפחמן השלישוני לשניוני של מעגל קרבס:', 656, 1, NULL, ''),
(657, 'מקל על תהליך חמצון המולקולה.', 656, 0, 0, ''),
(658, 'מתבצע ע\"י הידרציה ודהידרציה.', 656, 0, 0, ''),
(659, 'מתרחש בשלב השלישי של מעגל קרבס באמצעות אנזים דהידרוגינאז', 656, 0, 0, ''),
(660, 'א+ב.', 656, 0, 1, ''),
(661, 'כל התשובות נכונות.', 656, 0, 0, ''),
(662, 'מה נכון?', 662, 1, NULL, ''),
(663, 'אצל יוקריוטים רוב ה CO2 נוצר במעגל קרבס', 662, 0, 0, ''),
(664, 'מעגל קרבס מתרחש במיטוכונדריה', 662, 0, 0, ''),
(665, 'חמצון אצטיל CoA מפירוק שומנים הולך למעגל קרבס', 662, 0, 0, ''),
(666, 'א+ב', 662, 0, 0, ''),
(667, 'כל התשובות נכונות', 662, 0, 1, ''),
(668, 'סמן את המשפט הנכון:', 668, 1, NULL, ''),
(669, 'במעגל קרבס נוצרים 24 ATP על כל מולקולת אצטיל CoA', 668, 0, 0, ''),
(670, 'ממולקולת גלוקוז, גם בתנאים אירוביים וגם בתנאים אנאירוביים ניתן להפיק 38 מולקולות ATP', 668, 0, 0, ''),
(671, 'במעגל קרבס מקבלים על כל מולקולת אצטיל CoA את: coA+2CO2 + 3NADH +FADH2 + GTP', 668, 0, 1, ''),
(672, 'א+ג', 668, 0, 0, ''),
(673, 'סוקציניל CoA סינתאז', 673, 1, NULL, ''),
(674, 'בעת פעילותו נוצרת מולקולת GTP', 673, 0, 1, ''),
(675, 'יוצר מולקולת סוקציניל CoA', 673, 0, 0, ''),
(676, 'לצורך פעילותו GTP הופך לGDP', 673, 0, 0, ''),
(677, 'מאוקטב בנוכחות מגנזיום', 673, 0, 0, ''),
(685, 'אחת החוליות המשותפת למעגל קרבס ולשרשרת הנשימה היא:', 685, 1, NULL, ''),
(686, 'אין משותף לשתי המערכות', 685, 0, 0, ''),
(687, 'כל התשובות נכונות', 685, 0, 0, ''),
(688, 'האנזים פירווט דהידרוגינאז קומפלקס (PDC) שמספק לשניהם NADH', 685, 0, 0, ''),
(689, 'קואנזים Q המשתתף ביצירת אצטיל CoA וכן בשרשרת הנשימה', 685, 0, 0, ''),
(690, 'האנזים סוקצינט דהידרוגינאז הממוקם בממברנה הפנימית של המיטוכונדריה', 685, 0, 1, ''),
(691, 'איך ישפיע עיכוב ברמת הנשאים בשרשרת העברת האלקטרונים על מעגל קרבס?', 691, 1, NULL, ''),
(692, 'הקופקטורים במעגל קרבס נשארים במצב מחוזר ואינם מתחמצנים לשם המשך המעגל.', 691, 0, 1, ''),
(693, 'למולקולות NADH אין איך לעבור מסוקצינט להידרוגינאז.', 691, 0, 0, ''),
(694, 'כיצד Rotenone (רוטנון) מעכב שרשרת נשימה תאית?', 694, 1, NULL, ''),
(695, 'מונע מעבר אלקטרונים', 694, 0, 1, ''),
(696, 'Ubiquinon (יוביקווינון) הוא:', 696, 1, NULL, ''),
(697, 'חלבון מסיס המשמש כמוליך לאלקטרונים מקומפלקס 1 ו-2 לשלישי.', 696, 0, 1, ''),
(698, 'קופקטור של סוקצינאט דהידרוגינאז', 696, 0, 0, ''),
(699, 'חלבון המשמש כמעקב פעילות בקומפלקס מספר 1', 696, 0, 0, ''),
(700, 'מעקב אלוסטרי של ATPase המונע המשך יצירת ATP בשרשרת העברת האלקטרונים.', 696, 0, 0, ''),
(701, 'מה המשפט הנכון לגבי עיכוב שרשרת העברת אלקטרונים?', 701, 1, NULL, ''),
(702, 'NADH מדהידרוגינאז לא יכול לעבור להעביר אלקטרונים למעגל קרבס', 701, 0, 0, ''),
(703, 'מעגל קרבס לא יכול למסור GTP לשרשרת', 701, 0, 0, ''),
(704, 'תוצרי השרשרת יישארו במצב המחוזר ולא יוכלו למסור אלקטרונים', 701, 0, 1, ''),
(705, 'למה יגרום NADH בשרשרת הנשימה?', 705, 1, NULL, ''),
(706, 'קבלת 2.5 ATP אצל חיידקים', 705, 0, 0, ''),
(707, 'הוצאת 10 פרוטונים למרווח הבין ממברנלי תוביל ליצירת 3 ATP', 705, 0, 0, ''),
(708, 'הוצאת 10 פרוטונים למרווח הבין ממברנלי תוביל ליצירת 2.5 ATP', 705, 0, 1, ''),
(709, 'יחד עם FADH2 יגרום להוצאת 10 פרוטונים וליצירת 2.5 ATP', 705, 0, 0, ''),
(710, 'בשרשרת העברת אלקטרונים, כמה ATP ייווצר עם העברה של 2 NADH ו- 2 FADH2 ?', 710, 1, NULL, ''),
(711, '8', 710, 0, 1, ''),
(712, '12', 710, 0, 0, ''),
(713, '6', 710, 0, 0, ''),
(714, 'מהי פעילות האוליגומיצין?', 714, 1, NULL, ''),
(715, 'מונע פעילות ה- ATPase.', 714, 0, 1, '??? (מעכב atp סינתאז)'),
(716, 'הורס גראדיאנט פרוטונים.', 714, 0, 0, ''),
(717, 'מונע העברת אלקטרונים', 714, 0, 0, ''),
(718, 'חולה נכנס לניתוח עליה בחום גוף, צריכת חמצן, ATP נמוך ← חומר מפר צימוד של המיטוכונדירה\n', 718, 1, NULL, ''),
(719, 'חולה נכנס לניתוח עליה בחום גוף, צריכת חמצן, ATP נמוך ← חומר מפר צימוד של המיטוכונדירה\n', 718, 0, 1, ''),
(720, 'התיאוריה הכימואוסמוטית של פיטר מיטצ\'ל מציעה ש', 720, 1, NULL, ''),
(721, 'מתבצע צימוד בין סינתזת ATP לשרשרת העברת אלקטרונים.', 720, 0, 1, ''),
(722, 'פרוטונים נזרקים החוצה מהמטריקס של המיטוכונדריה באמצעות אנרגיה גבוהה ושם מסנתזים ATP באמצעותם. לאחר התהליך הם חוזרים בנקודה ספציפית אחת לתוך המיטוכונדריה.', 720, 0, 0, ''),
(723, 'האנרגיה שמשתחררת כתוצאה מהעברת אלקטרונים גורמת לזריקת פרוטונים מחוץ לממברנה שחוזרים חזרה רק דרך הקומפלקסים השונים.', 720, 0, 0, ''),
(724, 'אף תשובה אינה נכונה.', 720, 0, 0, ''),
(725, 'מה מהמשפטים הבאים נכון?', 725, 1, NULL, ''),
(726, 'Uncoupler (מפר צימוד) יגרום להאצת שרשרת הנשימה התאית והגברת ייצור ATP', 725, 0, 0, ''),
(727, 'Uncoupler יגרום לעיכוב שרשרת הנשימה התאית והפסקת ייצור ATP', 725, 0, 0, ''),
(728, 'מעכב ימנע הפיכת FMN ל- CoQ , לא יעכב את התהליך אך יגרום להפקת פחות ATP', 725, 0, 1, ''),
(729, 'מעכב ATPase יגרום לעצירת השרשרת ו- ATP יווצר?', 725, 0, 0, ''),
(730, 'כאשר השריר נמצא במאמץ', 730, 1, NULL, ''),
(731, 'תווצר הצטברות NADH והתהליכים שדורשים NAD+ ייעצרו.', 730, 0, 1, ''),
(732, 'שרשרת העברת אלקטרונים תתבצע בצורה מוגברת על מנת לספק אנרגיה לשריר.', 730, 0, 0, ''),
(733, 'ייתבצעו רק קומפלקס 1 ו- 3 בשריר', 730, 0, 0, ''),
(734, 'לקטאט דהידרוגנאז מצטרף לשרשרת העברת האלקטרונים ומתפקד כקומפלקס להעברת אלקטרונים.', 730, 0, 0, ''),
(735, 'בכדוריות דם אדומות גלוקוז מנוצל לגליקוליזה ופנטוזות', 735, 1, NULL, ''),
(736, 'בכדוריות דם אדומות גלוקוז מנוצל לגליקוליזה ופנטוזות\n', 735, 0, 1, ''),
(737, 'סמן את הלא נכון', 737, 1, NULL, ''),
(738, 'מלוניל CoA הוא אבן הבניין בסינטזת חומצות שומן .', 737, 0, 0, ''),
(739, 'סינטוז חומצות שומן נעשה במיטוכונדריה קרוב למעגל קרבס', 737, 0, 1, 'גם לא נכון-נעשה בציטופלזמה'),
(740, 'ACP משמש כנשא לסינטזת חומצות השומן.', 737, 0, 0, 'Acyl carrier protein (ACP) - fatty acid biosynthesis'),
(741, 'המתווך בתגובת חימצון חיזור שבביוסינתזה של חומצות שומן הוא NADPH .', 737, 0, 0, ''),
(742, 'משתמשים במעגל שאטל מאלאט – ציטראט לצורך הכנסת מלוניל CoA לציטופלסמה.', 737, 0, 1, 'מה שנכנס לציטופלזמה זה אצטיל קוא ורק אח\"כ הוא הופך למלוניל'),
(743, 'כמה ATP נפיק מ- NADH חוץ-מיטוכונדריאלי המתחמצן ל- O2 ע\"י נדנד (שאטל) גליצרול-3-פוספאט (G3P)?', 743, 1, NULL, ''),
(744, '1.5', 743, 0, 1, ''),
(745, '3', 743, 0, 0, ''),
(746, '4', 743, 0, 0, ''),
(747, '5', 743, 0, 0, ''),
(748, 'מי יסבול מריח אצטון?', 748, 1, NULL, ''),
(749, 'כזה שימצא בסביבת חולה סכרת', 748, 0, 0, ''),
(750, 'כזה שימצא בסביבת אנמיים', 748, 0, 0, ''),
(751, 'כזה שימצא בסביבת אוכלי חלבונים בעיקר', 748, 0, 0, 'בדיאטה נטולת פחמימות הגוף מתחיל לעשות ketosis ואז יהיה ריח אצטון'),
(752, '1+3', 748, 0, 1, ''),
(753, 'בחלבונים ציטוזולים, כמעט ולא נמצא:', 753, 1, NULL, ''),
(754, 'קשרים דיסולפידיים', 753, 0, 1, 'סביבה מחזרת, הקשרים יתפרקו'),
(755, 'קשרי מימן', 753, 0, 0, ''),
(756, 'קשרי וואן דר וואלס', 753, 0, 0, ''),
(757, 'קשרים הידרופוביים', 753, 0, 0, ''),
(758, 'מה מתאר\nATP + CO2 + Pyruvate → Pi + ADP + oxaloacetate', 758, 1, NULL, ''),
(759, 'אנזים מקטלז pyruvate carboxilse', 758, 0, 1, ''),
(760, 'אנזים מקטלז משופעל ע\"י הרבה אצטיל CoA', 758, 0, 0, ''),
(761, 'אנזים מקטלז פעיל במעגל פנטוזות', 758, 0, 0, ''),
(762, 'אנזים מקטלז זקוק לקו אנזים ביוטין (CoQ)', 758, 0, 0, ''),
(763, 'אנזים מקטלז קשור קוולנטית ל PLP', 758, 0, 0, ''),
(764, 'אנזים מקטלז נמצא ב ER', 758, 0, 0, ''),
(765, 'סמן את המשפטים הנכונים:', 765, 1, NULL, ''),
(766, 'ליצירת חומצת שומן עם 16 פחמנים יש צורך ב- 1 אצטיל CoA ועוד 7 מלוניל CoA', 765, 0, 0, ''),
(767, 'סינטוז חומצות שומן נעשה במיטוכונדריה קרוב למעגל קרבס', 765, 0, 0, ''),
(768, 'ליצירת חומצת שומן עם 16 פחמנים יש צורך ב- 7 אצטיל CoA ועוד 1 מלוניל CoA', 765, 0, 0, ''),
(769, 'ציטרט משמש כזרז אלוסטרי לאנזים אצטיל CoA קרבוקסילאז', 765, 0, 1, 'citrate allosterically activates ACC (Acetyl-CoA carboxylase)'),
(770, 'א+ה', 633, 0, 1, ''),
(771, 'עבור מולקולה אחת של גלוקוז מתקבלות שתי מולקולות של פירווט', 771, 1, NULL, ''),
(772, 'נכון', 771, 0, 1, ''),
(773, 'לא נכון', 771, 0, 0, ''),
(774, 'אוקסלואצטאט היא מולקולה המשתתפת במעגל קרבס, גלוקונאוגנזה וסינתזה של אספרטאט ואספרגין', 774, 1, NULL, ''),
(775, 'נכון', 774, 0, 1, '<a href=\"https://en.wikipedia.org/wiki/File:Oxaloacetate_and_pyruvate_aminoacid_synthesis.png\" class=\"image\" title=\"Oxaloacetate and pyruvate aminoacid synthesis\" style=\"color: rgb(11, 0, 128); background: none rgb(255, 255, 255); margin-left: auto; margin-right: auto; font-family: sans-serif; font-size: 14px; text-align: center;\"><img alt=\"Oxaloacetate and pyruvate aminoacid synthesis\" src=\"https://upload.wikimedia.org/wikipedia/commons/thumb/4/4f/Oxaloacetate_and_pyruvate_aminoacid_synthesis.png/400px-Oxaloacetate_and_pyruvate_aminoacid_synthesis.png\" decoding=\"async\" width=\"400\" height=\"295\" srcset=\"//upload.wikimedia.org/wikipedia/commons/thumb/4/4f/Oxaloacetate_and_pyruvate_aminoacid_synthesis.png/600px-Oxaloacetate_and_pyruvate_aminoacid_synthesis.png 1.5x, //upload.wikimedia.org/wikipedia/commons/thumb/4/4f/Oxaloacetate_and_pyruvate_aminoacid_synthesis.png/800px-Oxaloacetate_and_pyruvate_aminoacid_synthesis.png 2x\" data-file-width=\"1069\" data-file-height=\"788\" style=\"border: 0px; margin-left: auto; margin-right: auto;\"></a>'),
(776, 'לא נכון', 774, 0, 0, ''),
(777, 'אורגניזם אנאירובי יכול להפיק 30 או 32 מולקולות ATP ממולקולת גלוקוז אחת', 777, 1, NULL, ''),
(778, 'נכון', 777, 0, 0, ''),
(779, 'לא נכון', 777, 0, 1, ''),
(780, 'במהלך מחזור אחד של מעגל קרבס, השלד הפחמני שנכנס למעגל מתחמצן לחלוטין ומשתחרר כ-CO2', 780, 1, NULL, ''),
(781, 'נכון', 780, 0, 0, ''),
(782, 'לא נכון', 780, 0, 1, '');

-- --------------------------------------------------------

--
-- Table structure for table `tag2phrase`
--

DROP TABLE IF EXISTS `tag2phrase`;
CREATE TABLE IF NOT EXISTS `tag2phrase` (
  `id` int(11) NOT NULL AUTO_INCREMENT,
  `tagID` int(11) NOT NULL,
  `pID` int(11) NOT NULL,
  `approved` int(11) NOT NULL DEFAULT 0,
  PRIMARY KEY (`id`),
  UNIQUE KEY `tagID` (`tagID`,`pID`),
  KEY `tagFK` (`tagID`) USING BTREE,
  KEY `phraseFK` (`pID`) USING BTREE
) ENGINE=InnoDB AUTO_INCREMENT=838 DEFAULT CHARSET=utf8;

--
-- Dumping data for table `tag2phrase`
--

INSERT INTO `tag2phrase` (`id`, `tagID`, `pID`, `approved`) VALUES
(19, 1, 1, 1),
(20, 1, 24, 1),
(21, 2, 24, 1),
(22, 1, 31, 1),
(23, 3, 31, 1),
(24, 4, 31, 1),
(25, 5, 31, 1),
(26, 3, 37, 1),
(27, 4, 37, 1),
(28, 3, 41, 1),
(29, 3, 46, 1),
(31, 94, 56, 1),
(32, 95, 56, 1),
(33, 5, 56, 1),
(34, 3, 51, 1),
(36, 5, 51, 1),
(37, 48, 459, 1),
(39, 96, 649, 1),
(41, 97, 649, 1),
(42, 76, 714, 1),
(43, 79, 748, 1),
(44, 98, 748, 1),
(45, 80, 748, 1),
(46, 94, 743, 1),
(47, 97, 743, 1),
(48, 99, 743, 1),
(49, 78, 743, 1),
(50, 100, 743, 1),
(51, 101, 743, 1),
(52, 102, 743, 1),
(53, 75, 735, 1),
(54, 74, 735, 1),
(55, 4, 735, 1),
(56, 59, 735, 1),
(57, 34, 735, 1),
(58, 58, 730, 1),
(60, 96, 730, 1),
(61, 103, 730, 1),
(62, 94, 720, 1),
(63, 71, 720, 1),
(64, 52, 410, 1),
(65, 5, 410, 1),
(66, 104, 410, 1),
(68, 94, 60, 1),
(69, 7, 60, 1),
(70, 94, 62, 1),
(71, 8, 62, 1),
(72, 9, 62, 1),
(73, 10, 66, 1),
(75, 12, 70, 1),
(76, 97, 75, 1),
(78, 14, 85, 1),
(79, 106, 85, 1),
(80, 107, 85, 1),
(81, 108, 85, 1),
(82, 109, 85, 1),
(83, 16, 87, 1),
(84, 17, 87, 1),
(85, 15, 87, 1),
(86, 15, 93, 1),
(87, 15, 95, 1),
(88, 19, 95, 1),
(89, 15, 100, 1),
(90, 18, 100, 1),
(91, 15, 106, 1),
(92, 18, 106, 1),
(93, 15, 110, 1),
(94, 18, 110, 1),
(95, 15, 112, 1),
(96, 18, 112, 1),
(97, 15, 116, 1),
(98, 18, 116, 1),
(99, 110, 116, 1),
(100, 15, 120, 1),
(101, 18, 120, 1),
(102, 15, 124, 1),
(103, 18, 124, 1),
(104, 15, 130, 1),
(105, 20, 130, 1),
(106, 21, 136, 1),
(107, 21, 141, 1),
(108, 21, 146, 1),
(109, 21, 151, 1),
(110, 21, 156, 1),
(111, 21, 163, 1),
(112, 21, 168, 1),
(113, 21, 170, 1),
(114, 22, 170, 1),
(115, 21, 175, 1),
(116, 23, 175, 1),
(117, 111, 175, 1),
(118, 21, 180, 1),
(119, 24, 180, 1),
(120, 24, 175, 1),
(121, 25, 180, 1),
(122, 21, 184, 1),
(123, 26, 184, 1),
(124, 2, 184, 1),
(125, 29, 186, 1),
(126, 29, 188, 1),
(127, 28, 188, 1),
(128, 29, 191, 1),
(129, 28, 191, 1),
(130, 30, 191, 1),
(131, 31, 196, 1),
(132, 29, 196, 1),
(134, 32, 196, 1),
(135, 31, 202, 1),
(136, 29, 202, 1),
(137, 32, 202, 1),
(138, 24, 208, 1),
(139, 25, 208, 1),
(140, 24, 214, 1),
(141, 25, 214, 1),
(142, 24, 219, 1),
(143, 25, 219, 1),
(144, 21, 219, 1),
(145, 24, 224, 1),
(146, 25, 224, 1),
(147, 24, 230, 1),
(148, 24, 235, 1),
(149, 24, 240, 1),
(150, 33, 240, 1),
(151, 24, 246, 1),
(152, 24, 253, 1),
(153, 34, 253, 1),
(154, 24, 259, 1),
(155, 35, 259, 1),
(158, 24, 265, 1),
(159, 112, 265, 1),
(160, 24, 270, 1),
(161, 37, 270, 1),
(162, 38, 273, 1),
(163, 39, 273, 1),
(164, 113, 273, 1),
(165, 38, 275, 1),
(166, 40, 282, 1),
(167, 40, 288, 1),
(168, 40, 293, 1),
(169, 25, 298, 1),
(170, 41, 298, 1),
(171, 42, 298, 1),
(172, 25, 303, 1),
(173, 114, 303, 1),
(174, 115, 303, 1),
(175, 42, 303, 1),
(176, 25, 305, 1),
(177, 43, 305, 1),
(178, 116, 311, 1),
(179, 44, 311, 1),
(180, 44, 316, 1),
(181, 117, 316, 1),
(182, 46, 316, 1),
(185, 117, 321, 1),
(186, 46, 321, 1),
(187, 47, 327, 1),
(188, 46, 327, 1),
(189, 46, 340, 1),
(190, 48, 340, 1),
(191, 24, 340, 1),
(192, 118, 340, 1),
(193, 50, 346, 1),
(195, 51, 346, 1),
(196, 46, 346, 1),
(197, 46, 351, 1),
(198, 120, 351, 1),
(199, 120, 353, 1),
(200, 46, 353, 1),
(201, 53, 359, 1),
(202, 52, 359, 1),
(203, 5, 361, 1),
(204, 121, 361, 1),
(205, 3, 361, 1),
(206, 100, 361, 1),
(207, 10, 361, 1),
(208, 66, 361, 1),
(209, 54, 367, 1),
(210, 5, 367, 1),
(211, 9, 367, 1),
(212, 52, 369, 1),
(213, 3, 369, 1),
(214, 52, 375, 1),
(215, 52, 380, 1),
(216, 5, 380, 1),
(217, 55, 380, 1),
(218, 122, 380, 1),
(219, 24, 380, 1),
(220, 53, 380, 1),
(221, 99, 380, 1),
(222, 123, 385, 1),
(223, 123, 375, 1),
(224, 52, 385, 1),
(225, 3, 385, 1),
(226, 55, 390, 1),
(227, 55, 398, 1),
(229, 5, 404, 1),
(230, 56, 404, 1),
(231, 5, 408, 1),
(232, 52, 408, 1),
(233, 4, 414, 1),
(234, 17, 419, 1),
(235, 17, 425, 1),
(236, 124, 425, 1),
(237, 4, 425, 1),
(238, 26, 429, 1),
(239, 21, 429, 1),
(240, 2, 429, 1),
(241, 48, 431, 1),
(242, 48, 438, 1),
(243, 48, 445, 1),
(244, 57, 445, 1),
(245, 4, 445, 1),
(246, 48, 447, 1),
(247, 48, 453, 1),
(248, 48, 461, 1),
(249, 58, 461, 1),
(250, 29, 461, 1),
(251, 8, 461, 1),
(252, 4, 461, 1),
(253, 74, 461, 1),
(254, 48, 468, 1),
(255, 58, 468, 1),
(256, 60, 474, 1),
(257, 60, 481, 1),
(258, 60, 485, 1),
(260, 61, 485, 1),
(261, 61, 491, 1),
(262, 59, 498, 1),
(263, 59, 504, 1),
(264, 59, 509, 1),
(265, 126, 509, 1),
(266, 94, 509, 1),
(267, 59, 516, 1),
(268, 59, 521, 1),
(269, 59, 525, 1),
(270, 59, 532, 1),
(271, 61, 532, 1),
(272, 59, 535, 1),
(273, 26, 535, 1),
(274, 59, 542, 1),
(275, 59, 547, 1),
(276, 61, 547, 1),
(277, 62, 553, 1),
(278, 61, 559, 1),
(279, 61, 565, 1),
(280, 4, 565, 1),
(281, 63, 570, 1),
(282, 61, 570, 1),
(283, 65, 572, 1),
(284, 127, 572, 1),
(285, 65, 578, 1),
(286, 127, 578, 1),
(287, 67, 578, 1),
(288, 7, 578, 1),
(289, 34, 583, 1),
(290, 64, 583, 1),
(291, 34, 589, 1),
(292, 66, 589, 1),
(293, 66, 594, 1),
(294, 10, 594, 1),
(295, 66, 600, 1),
(296, 10, 600, 1),
(297, 66, 603, 1),
(298, 66, 609, 1),
(299, 66, 615, 1),
(300, 68, 617, 1),
(301, 26, 621, 1),
(302, 2, 623, 1),
(303, 2, 628, 1),
(304, 2, 633, 1),
(305, 2, 639, 1),
(306, 2, 644, 1),
(307, 69, 644, 1),
(308, 2, 656, 1),
(309, 2, 662, 1),
(310, 2, 668, 1),
(311, 2, 673, 1),
(312, 70, 673, 1),
(313, 2, 685, 1),
(314, 71, 685, 1),
(315, 72, 685, 1),
(316, 71, 691, 1),
(317, 2, 691, 1),
(318, 71, 694, 1),
(319, 71, 696, 1),
(321, 71, 701, 1),
(322, 33, 701, 1),
(323, 73, 696, 1),
(324, 71, 705, 1),
(325, 97, 705, 1),
(326, 71, 710, 1),
(327, 94, 710, 1),
(328, 97, 710, 1),
(329, 128, 710, 1),
(330, 71, 714, 1),
(331, 71, 718, 1),
(332, 118, 718, 1),
(333, 99, 718, 1),
(334, 77, 720, 1),
(335, 71, 725, 1),
(336, 33, 725, 1),
(337, 71, 730, 1),
(339, 78, 737, 1),
(340, 80, 753, 1),
(341, 129, 753, 1),
(342, 81, 758, 1),
(344, 82, 765, 1),
(345, 52, 765, 1),
(346, 81, 572, 1),
(347, 81, 31, 1),
(348, 97, 1, 1),
(349, 7, 1, 1),
(350, 130, 1, 1),
(351, 4, 24, 1),
(352, 131, 24, 1),
(353, 94, 37, 1),
(354, 21, 46, 1),
(355, 7, 46, 1),
(356, 24, 46, 1),
(357, 97, 66, 1),
(358, 108, 66, 1),
(359, 107, 66, 1),
(360, 101, 66, 1),
(361, 132, 66, 1),
(362, 25, 70, 1),
(363, 24, 70, 1),
(364, 96, 70, 1),
(365, 59, 75, 1),
(366, 96, 75, 1),
(367, 96, 80, 1),
(368, 108, 80, 1),
(369, 109, 80, 1),
(370, 74, 87, 1),
(371, 19, 93, 1),
(372, 18, 93, 1),
(373, 3, 136, 1),
(374, 133, 136, 1),
(375, 133, 141, 1),
(376, 133, 146, 1),
(377, 94, 146, 1),
(378, 97, 146, 1),
(380, 97, 151, 1),
(381, 133, 156, 1),
(382, 97, 156, 1),
(383, 134, 156, 1),
(384, 133, 163, 1),
(385, 96, 163, 1),
(387, 134, 168, 1),
(388, 24, 168, 1),
(389, 135, 170, 1),
(390, 133, 170, 1),
(391, 135, 180, 1),
(392, 134, 180, 1),
(393, 136, 180, 1),
(394, 137, 180, 1),
(395, 138, 180, 1),
(396, 70, 184, 1),
(404, 30, 188, 1),
(405, 4, 188, 1),
(406, 74, 188, 1),
(407, 61, 191, 1),
(408, 8, 191, 1),
(409, 52, 191, 1),
(410, 4, 196, 1),
(411, 74, 196, 1),
(412, 42, 208, 1),
(413, 138, 214, 1),
(414, 96, 219, 1),
(416, 138, 219, 1),
(417, 12, 224, 1),
(418, 144, 230, 1),
(419, 81, 235, 1),
(420, 144, 246, 1),
(421, 107, 246, 1),
(422, 104, 253, 1),
(423, 35, 235, 1),
(425, 99, 282, 1),
(426, 145, 282, 1),
(427, 80, 288, 1),
(428, 146, 288, 1),
(429, 17, 305, 1),
(430, 80, 311, 1),
(431, 44, 321, 1),
(432, 80, 321, 1),
(433, 43, 327, 1),
(434, 40, 327, 1),
(435, 147, 327, 1),
(436, 24, 346, 1),
(437, 75, 346, 1),
(438, 58, 351, 1),
(439, 24, 351, 1),
(440, 48, 351, 1),
(441, 59, 351, 1),
(442, 59, 353, 1),
(443, 59, 361, 1),
(444, 123, 369, 1),
(445, 5, 398, 1),
(446, 94, 404, 1),
(447, 10, 408, 1),
(448, 3, 408, 1),
(450, 4, 419, 1),
(451, 124, 419, 1),
(452, 70, 429, 1),
(453, 24, 431, 1),
(454, 4, 438, 1),
(456, 149, 453, 1),
(457, 150, 459, 1),
(458, 4, 459, 1),
(459, 94, 468, 1),
(460, 59, 468, 1),
(461, 48, 474, 1),
(462, 24, 474, 1),
(463, 7, 481, 1),
(464, 67, 481, 1),
(465, 97, 481, 1),
(466, 151, 485, 1),
(467, 100, 498, 1),
(468, 94, 504, 1),
(469, 4, 504, 1),
(470, 100, 504, 1),
(471, 151, 516, 1),
(472, 94, 516, 1),
(473, 4, 516, 1),
(474, 7, 516, 1),
(475, 94, 525, 1),
(476, 58, 525, 1),
(477, 33, 525, 1),
(478, 100, 532, 1),
(479, 99, 532, 1),
(480, 101, 535, 1),
(481, 81, 535, 1),
(482, 24, 535, 1),
(483, 94, 535, 1),
(484, 7, 542, 1),
(485, 67, 542, 1),
(487, 24, 553, 1),
(489, 21, 553, 1),
(490, 24, 559, 1),
(491, 17, 565, 1),
(492, 58, 570, 1),
(493, 4, 570, 1),
(494, 8, 570, 1),
(495, 67, 570, 1),
(496, 24, 572, 1),
(497, 66, 583, 1),
(498, 10, 589, 1),
(499, 101, 589, 1),
(500, 4, 589, 1),
(501, 34, 594, 1),
(502, 97, 594, 1),
(503, 101, 594, 1),
(504, 132, 594, 1),
(505, 108, 594, 1),
(506, 34, 600, 1),
(507, 59, 603, 1),
(508, 34, 603, 1),
(509, 69, 603, 1),
(510, 132, 609, 1),
(511, 101, 609, 1),
(512, 34, 609, 1),
(513, 10, 615, 1),
(514, 132, 615, 1),
(515, 146, 617, 1),
(516, 5, 617, 1),
(517, 152, 617, 1),
(518, 70, 621, 1),
(519, 94, 623, 1),
(520, 3, 628, 1),
(521, 5, 628, 1),
(522, 3, 633, 1),
(523, 5, 633, 1),
(524, 99, 639, 1),
(525, 1, 644, 1),
(526, 153, 649, 1),
(527, 2, 649, 1),
(528, 153, 623, 1),
(529, 153, 56, 1),
(530, 154, 656, 1),
(531, 99, 662, 1),
(532, 3, 662, 1),
(533, 3, 668, 1),
(535, 155, 668, 1),
(536, 155, 219, 1),
(537, 14, 219, 1),
(539, 156, 673, 1),
(540, 99, 685, 1),
(541, 24, 685, 1),
(542, 33, 691, 1),
(543, 25, 691, 1),
(544, 107, 691, 1),
(545, 108, 694, 1),
(546, 80, 696, 1),
(547, 108, 696, 1),
(548, 108, 701, 1),
(549, 94, 705, 1),
(550, 109, 705, 1),
(551, 33, 714, 1),
(552, 94, 718, 1),
(553, 94, 725, 1),
(554, 97, 730, 1),
(556, 130, 737, 1),
(557, 82, 737, 1),
(558, 126, 737, 1),
(559, 24, 758, 1),
(560, 24, 765, 1),
(561, 3, 765, 1),
(563, 133, 180, 1),
(564, 131, 662, 1),
(565, 7, 771, 1),
(566, 4, 771, 1),
(567, 1, 774, 1),
(568, 2, 774, 1),
(569, 61, 774, 1),
(570, 38, 774, 1),
(572, 94, 777, 1),
(573, 4, 777, 1),
(574, 2, 780, 1),
(575, 131, 780, 1),
(576, 104, 780, 1),
(577, 59, 771, 1),
(579, 158, 75, 1),
(580, 158, 777, 1),
(581, 158, 468, 1),
(582, 158, 481, 1),
(583, 158, 509, 1),
(584, 158, 521, 1),
(585, 158, 542, 1),
(586, 158, 578, 1),
(587, 133, 151, 1),
(601, 38, 327, 1),
(602, 58, 438, 1),
(661, 200, 438, 1);

-- --------------------------------------------------------

--
-- Table structure for table `tags`
--

DROP TABLE IF EXISTS `tags`;
CREATE TABLE IF NOT EXISTS `tags` (
  `tagID` int(11) NOT NULL AUTO_INCREMENT,
  `tagName` text NOT NULL,
  PRIMARY KEY (`tagID`),
  UNIQUE KEY `tagUnique` (`tagName`(100)) USING BTREE
) ENGINE=InnoDB AUTO_INCREMENT=320 DEFAULT CHARSET=utf8;

--
-- Dumping data for table `tags`
--

INSERT INTO `tags` (`tagID`, `tagName`) VALUES
(1, 'אוקסלואצטט'),
(2, 'מעגל קרבס'),
(3, 'אצטיל CoA'),
(4, 'גלוקוז'),
(5, 'שומנים'),
(7, 'פירווט'),
(8, 'כבד'),
(9, 'לב'),
(10, 'NADPH'),
(12, 'NADP'),
(14, 'FAD'),
(15, 'מערכת החיסון'),
(16, 'RH'),
(17, 'סוכרים'),
(18, 'נוגדנים'),
(19, 'אנטיגנים'),
(20, 'מקרופאג\'ים'),
(21, 'PDH'),
(22, 'סידן'),
(23, 'ארסניום'),
(24, 'אנזימים'),
(25, 'קופקטורים'),
(26, 'ארסנט'),
(28, 'גלוקגון'),
(29, 'אפינפרין'),
(30, 'cAMP'),
(31, 'אינסולין'),
(32, 'הורמונים'),
(33, 'מעכבים'),
(34, 'פנטוזות'),
(35, 'Km'),
(37, 'איזואנזימים'),
(38, 'חומצות אמינו'),
(39, 'סרין'),
(40, 'אוריאה'),
(41, 'B1'),
(42, 'ויטמינים'),
(43, 'דיאטה'),
(44, 'המוגלובין'),
(46, 'מחלות'),
(47, 'PKU'),
(48, 'גליקוגן'),
(50, 'מחלת הפול'),
(51, 'G6PD'),
(52, 'חומצות שומן'),
(53, 'קרניטין'),
(54, 'כולסטרול'),
(55, 'בטא אוקסידציה'),
(56, 'פרופיניל'),
(57, 'קיבה'),
(58, 'שריר'),
(59, 'גליקוליזה'),
(60, 'גליקוגנזה'),
(61, 'גלוקונאוגנזה'),
(62, 'היפוגליקמיה'),
(63, 'מעגל קורי'),
(64, 'טרנסאלדולזות'),
(65, 'תסיסה כוהלית'),
(66, 'מעגל פנטוזות'),
(67, 'לקטאט'),
(68, 'מעגל גליאוקסלי'),
(69, 'תוצרי ביניים'),
(70, 'סוקציניל CoA'),
(71, 'שרשרת העברת אלקטרונים'),
(72, 'סוקצינט'),
(73, 'יוביקווינון'),
(74, 'דם'),
(75, 'כדוריות דם אדומות'),
(76, 'אוליגומיצין'),
(77, 'התיאוריה הכימואוסמוטית'),
(78, 'שאטל'),
(79, 'אצטון'),
(80, 'חלבונים'),
(81, 'ריאקציות'),
(82, 'ציטרט'),
(94, 'ATP'),
(95, 'טריגליצרידים'),
(96, 'NAD+'),
(97, 'NADH'),
(98, 'סוכרת'),
(99, 'מיטוכונדריה'),
(100, 'גליצרול'),
(101, 'פוספט'),
(102, 'O2'),
(103, 'מאמץ'),
(104, 'פחמן'),
(106, 'DADH'),
(107, 'חימצון חיזור'),
(108, 'אלקטרונים'),
(109, 'פרוטונים'),
(110, 'התפתחות עוברית'),
(111, 'ליפומידים'),
(112, 'pH'),
(113, 'היסטידין'),
(114, 'PLP'),
(115, 'B6'),
(116, 'מיוגלובין'),
(117, 'אנמיה חרמשית'),
(118, 'סיפור מקרה'),
(120, 'Mcardle'),
(121, 'השמנה'),
(122, 'CAT2'),
(123, 'פירוק פחמנים'),
(124, 'פרוקטוז'),
(126, 'ציטופלזמה'),
(127, 'אתנול'),
(128, 'FADH'),
(129, 'קשרים'),
(130, 'מאלאט'),
(131, 'CO2'),
(132, 'ריבוז'),
(133, 'PDC'),
(134, 'E3'),
(135, 'E1'),
(136, 'E2'),
(137, 'NAD'),
(138, 'TPP'),
(144, 'קינאז'),
(145, 'חנקן'),
(146, 'פחמימות'),
(147, 'טירוזין'),
(149, 'ADP'),
(150, 'גליקוג\'נין'),
(151, 'PFK'),
(152, 'צמחים'),
(153, 'רקמות'),
(154, 'OH'),
(155, 'FADH2'),
(156, 'GTP'),
(158, 'אירובי - אנאירובי'),
(200, 'תוצרים');

-- --------------------------------------------------------

--
-- Table structure for table `talkbacks`
--

DROP TABLE IF EXISTS `talkbacks`;
CREATE TABLE IF NOT EXISTS `talkbacks` (
  `talkbackID` int(11) NOT NULL AUTO_INCREMENT,
  `userID` int(11) NOT NULL,
  `msg` text NOT NULL,
  `underTalkback` int(11) DEFAULT NULL,
  `time` timestamp NOT NULL DEFAULT current_timestamp() ON UPDATE current_timestamp(),
  `qID` int(11) NOT NULL,
  `replyToUser` int(11) DEFAULT NULL,
  PRIMARY KEY (`talkbackID`),
  KEY `qID` (`qID`),
  KEY `userID` (`userID`),
  KEY `replyTo` (`underTalkback`),
  KEY `replyToUser` (`replyToUser`)
) ENGINE=InnoDB AUTO_INCREMENT=28 DEFAULT CHARSET=utf8;

--
-- Dumping data for table `talkbacks`
--

INSERT INTO `talkbacks` (`talkbackID`, `userID`, `msg`, `underTalkback`, `time`, `qID`, `replyToUser`) VALUES
(13, 2, 'מי אמר שתשובה ד\' נכונה???', NULL, '2020-09-16 20:25:35', 1, NULL),
(14, 0, 'אני. יש לך בעיה?\nתטיל קוביה', 13, '2020-09-16 20:36:08', 1, 2),
(15, 2, '<div>למה שאטיל? מה אני תרנגולת?</div>', 13, '2020-09-17 15:04:55', 1, 0),
(16, 0, 'מה???!?!?!', 13, '2020-09-16 20:36:12', 1, 2),
(17, 2, 'על רקע ההתפשטות המואצת של הנגיף בארה\"ב, אישר אמש בית הנבחרים חבילת סיוע כלכלי עצומה, בהיקף של 2.2 טריליון דולר – הגדולה ביותר בהיסטוריה האמריקנית. מטרת החבילה היא להמריץ את הכלכלה ולסייע לאזרחים ולעסקים, גדולים וקטנים כאחד, שנפגעו מהשבתת הכלכלה כחלק מהמאבק בהתפשטות הנגיף. בנוסף, הנשיא דונלד טראמפ הודיע על ייצור של 100 אלף מכונות הנשמה – בימים הקרובים. \"אם לא יהיה לנו צורך בכולן, נסייע לאיטליה, סין ומדינות נוספות, ונעביר להן את הציוד\", אמר הלילה. \r\n\r\n \r\n\r\nיו\"ר בית הנבחרים, הדמוקרטית ננסי פלוסי, ציינה בריאיון לרשת MSNBC כי בכוונת הבית להקים ועדה שתפקח על הוצאות חבילת הסיוע.\r\n\r\nבעקבות צעדים חריפים שנקטו המדינות המרכיבות את ארה\"ב, נזכיר, מיליונים שם נמצאים תחת סגר דה-פקטו. בשבוע שעבר נרשם שיא באבטלה, כאשר עוד 3.3 מיליון אמריקנים נרשמו כמובטלים על מנת לקבל הטבות ממשלתיות. גם טראמפ עצמו – למרות קריאותיו החוזרות ונשנות בימים האחרונים \"לפתוח\" את הכלכלה ולמנוע מהתרופה \"להיות גרועה מהמחלה עצמה\" – טרם שינה את ההנחיות שלו לכלל האמריקנים לשמור כמה שיותר על ריחוק חברתי.\r\n\r\n \r\n\r\nחבילת הסיוע העצומה תעניק בין היתר צ\'קים של 1,200 דולר ישירות למיליוני משלמי המסים (הסכום ירד ככל שההכנסה גדולה יותר, וזוגות עם ילדים יקבלו תוספות), תיתן הטבות למובטלים ותציע הלוואות, מענקים וקיצוצי מס לעסקים גדולים וקטנים. היא תזרים מיליוני דולרים לרשויות המקומיות במדינות השונות ולמערכת הבריאות, שמתמודדת כעת עם עומס עצום במטופלים שנדבקו בנגיף.\r\n\r\n \r\n\r\n\"האומה שלנו ניצבת בפני מצב חירום כלכלי ובריאותי בעקבות מגפת הקורונה, המגפה הנוראה מזה יותר מ-100 שנה\", אמרה פלוסי בתום דיון בן שלוש שעות במליאה. \"העם האמריקני ראוי לתגובה ממשלתית רחבה שתהיה מבוססת על חזון וראיות מדעיות, על מנת להתמודד עם האיומים על חייו ופרנסתו. והוא צריך את זה עכשיו\".', 13, '2020-09-16 20:40:34', 1, 2),
(18, 2, 'היי חמוד', 13, '2020-09-16 20:41:28', 1, 2),
(19, 2, 'אתה מה בעצמך', 13, '2020-09-16 20:45:45', 1, 0),
(21, 2, 'שתוק שמן<div>בבון</div><div><div>קקי</div><div>scr</div></div>', NULL, '2020-09-17 06:00:46', 1, NULL),
(22, 2, 'תגיב כבר', 13, '2020-09-16 21:31:40', 1, 0),
(23, 2, 'לא ברור', 13, '2020-09-16 21:32:17', 1, 0),
(24, 2, 'מה קורה', 13, '2020-09-16 21:37:28', 1, 0),
(25, 2, 'מה אתה רוצה', 13, '2020-09-16 21:38:30', 1, 0),
(26, 2, 'תבדוק מי אכל את הגבינה שלי', 13, '2020-09-16 21:38:45', 1, 0),
(27, 2, '<div>דג</div>', NULL, '2020-09-17 15:31:04', 1, NULL);

-- --------------------------------------------------------

--
-- Table structure for table `users`
--

DROP TABLE IF EXISTS `users`;
CREATE TABLE IF NOT EXISTS `users` (
  `userID` int(11) NOT NULL AUTO_INCREMENT,
  `firstName` text NOT NULL,
  `lastName` text NOT NULL,
  `email` text NOT NULL,
  `photo` text NOT NULL,
  `hash` text NOT NULL,
  `isEditor` int(11) NOT NULL DEFAULT 0,
  `timeJoined` timestamp NOT NULL DEFAULT current_timestamp(),
  `lastVisit` timestamp NOT NULL DEFAULT current_timestamp() ON UPDATE current_timestamp(),
  `banned` int(11) NOT NULL DEFAULT 0,
  PRIMARY KEY (`userID`),
  UNIQUE KEY `email` (`email`) USING HASH,
  UNIQUE KEY `hash` (`hash`) USING HASH
) ENGINE=InnoDB AUTO_INCREMENT=5 DEFAULT CHARSET=utf8;

--
-- Dumping data for table `users`
--

INSERT INTO `users` (`userID`, `firstName`, `lastName`, `email`, `photo`, `hash`, `isEditor`, `timeJoined`, `lastVisit`, `banned`) VALUES
(0, 'Anonymous', '', '', 'img/user.png', '', 0, '2020-09-16 12:11:39', '2020-09-16 16:28:56', 0),
(2, 'Rony', 'Utevsky', 'ronyut@gmail.com', 'https://lh3.googleusercontent.com/a-/AOh14GjdrLgD7hO9UMSPG-k9Lo0PQ_D00iKZBfe1o4g-N3M', '$argon2i$v=19$m=65536,t=4,p=1$NlZES1FEMEk1RzdSLmJnSw$y8tqOxTLZFJRexqtCfy3WUBzoAERNCAtQ52N0p8nuPs', 1, '2020-09-16 10:07:45', '2020-09-16 10:47:46', 0);

-- --------------------------------------------------------

--
-- Table structure for table `votes`
--

DROP TABLE IF EXISTS `votes`;
CREATE TABLE IF NOT EXISTS `votes` (
  `voteID` int(11) NOT NULL AUTO_INCREMENT,
  `userID` int(11) NOT NULL,
  `talkbackID` int(11) NOT NULL,
  `isLike` int(11) NOT NULL DEFAULT 1,
  PRIMARY KEY (`voteID`),
  KEY `userID` (`userID`,`talkbackID`),
  KEY `talkbackID` (`talkbackID`)
) ENGINE=InnoDB DEFAULT CHARSET=utf8;

--
-- Constraints for dumped tables
--

--
-- Constraints for table `history`
--
ALTER TABLE `history`
  ADD CONSTRAINT `history_ibfk_1` FOREIGN KEY (`qid`) REFERENCES `phrases` (`pID`) ON DELETE NO ACTION ON UPDATE NO ACTION,
  ADD CONSTRAINT `history_ibfk_2` FOREIGN KEY (`pid`) REFERENCES `phrases` (`pID`) ON DELETE NO ACTION ON UPDATE NO ACTION,
  ADD CONSTRAINT `history_ibfk_3` FOREIGN KEY (`userID`) REFERENCES `users` (`userID`) ON DELETE NO ACTION ON UPDATE NO ACTION;

--
-- Constraints for table `phrases`
--
ALTER TABLE `phrases`
  ADD CONSTRAINT `phrases_ibfk_1` FOREIGN KEY (`answerOf`) REFERENCES `phrases` (`pID`) ON DELETE CASCADE ON UPDATE CASCADE;

--
-- Constraints for table `tag2phrase`
--
ALTER TABLE `tag2phrase`
  ADD CONSTRAINT `tag2phrase_ibfk_1` FOREIGN KEY (`pID`) REFERENCES `phrases` (`pID`) ON DELETE CASCADE ON UPDATE CASCADE,
  ADD CONSTRAINT `tagFK` FOREIGN KEY (`tagID`) REFERENCES `tags` (`tagID`) ON DELETE CASCADE ON UPDATE CASCADE;

--
-- Constraints for table `talkbacks`
--
ALTER TABLE `talkbacks`
  ADD CONSTRAINT `talkbacks_ibfk_1` FOREIGN KEY (`qID`) REFERENCES `phrases` (`pID`) ON DELETE CASCADE ON UPDATE CASCADE,
  ADD CONSTRAINT `talkbacks_ibfk_2` FOREIGN KEY (`userID`) REFERENCES `users` (`userID`) ON DELETE NO ACTION ON UPDATE NO ACTION,
  ADD CONSTRAINT `talkbacks_ibfk_3` FOREIGN KEY (`underTalkback`) REFERENCES `talkbacks` (`talkbackID`) ON DELETE CASCADE ON UPDATE CASCADE,
  ADD CONSTRAINT `talkbacks_ibfk_4` FOREIGN KEY (`replyToUser`) REFERENCES `users` (`userID`) ON DELETE NO ACTION ON UPDATE NO ACTION;

--
-- Constraints for table `votes`
--
ALTER TABLE `votes`
  ADD CONSTRAINT `votes_ibfk_1` FOREIGN KEY (`userID`) REFERENCES `users` (`userID`) ON DELETE CASCADE ON UPDATE CASCADE,
  ADD CONSTRAINT `votes_ibfk_2` FOREIGN KEY (`talkbackID`) REFERENCES `talkbacks` (`talkbackID`) ON DELETE CASCADE ON UPDATE CASCADE;
COMMIT;

/*!40101 SET CHARACTER_SET_CLIENT=@OLD_CHARACTER_SET_CLIENT */;
/*!40101 SET CHARACTER_SET_RESULTS=@OLD_CHARACTER_SET_RESULTS */;
/*!40101 SET COLLATION_CONNECTION=@OLD_COLLATION_CONNECTION */;
